1.2.1.8. Egyes termékek és szolgáltatások fogyasztói átlagára (nyers adatok), havonta;;;;;;;;;;;;;;;;;;;;;;;;;;;;;;;;;;;;;;;;;;;;;;;;;;;;;;;;;;;;;;;;;;;;;;;;;;;;;;;;;;;;;;;;;;;;;;;;;;;;;;;;;;;;;;;;;;;;;;;;;
Kódszám;Megnevezés;2017. január;2017. február;2017. március;2017. április;2017. május;2017. június;2017. július;2017. augusztus;2017. szeptember;2017. október;2017. november;2017. december;2018. január;2018. február;2018. március;2018. április;2018. május;2018. június;2018. július;2018. augusztus;2018. szeptember;2018. október;2018. november;2018. december;2019. január;2019. február;2019. március;2019. április;2019. május;2019. június;2019. július;2019. augusztus;2019. szeptember;2019. október;2019. november;2019. december;2020. január;2020. február;2020. március;2020. április;2020. május;2020. június;2020. július;2020. augusztus;2020. szeptember;2020. október;2020. november;2020. december;2021. január;2021. február;2021. március;2021. április;2021. május;2021. június;2021. július;2021. augusztus;2021. szeptember;2021. október;2021. november;2021. december;2022. január;2022. február;2022. március;2022. április;2022. május;2022. június;2022. július;2022. augusztus;2022. szeptember;2022. október;2022. november;2022. december;2023. január;2023. február;2023. március;2023. április;2023. május;2023. június;2023. július;2023. augusztus;2023. szeptember;2023. október;2023. november;2023. december;2024. január;2024. február;2024. március;2024. április;2024. május;2024. június;2024. július;2024. augusztus;2024. szeptember;2024. október;2024. november;2024. december;2025. január;2025. február;2025. március;2025. április;2025. május;2025. június;2025. július;2025. augusztus;2025. szeptember;2025. október;2025. november;2025. december;2026. január;2026. február;2026. március;2026. április;2026. május;2026. június;2026. július;2026. augusztus;2026. szeptember;2026. október;2026. november;2026. december
10001;Rövidkaraj, kg;1 450;1 440;1 420;1 420;1 450;1 480;1 500;1 490;1 470;1 490;1 480;1 480;1 480;1 470;1 480;1 460;1 470;1 450;1 450;1 460;1 490;1 470;1 470;1 470;1 470;1 460;1 460;1 490;1 590;1 600;1 600;1 600;1 620;1 640;1 650;1 750;1 800;1 800;1 810;1 900;1 960;1 910;1 740;1 720;1 720;1 690;1 680;1 690;1 660;1 660;1 670;1 730;1 700;1 730;1 720;1 720;1 740;1 720;1 670;1 680;1 710;1 730;1 780;2 050;2 150;2 140;2 150;2 260;2 340;2 420;2 480;2 510;2 520;2 490;2 560;2 550;2 570;2 600;2 620;2 650;2 630;2 620;2 580;2 610;2 610;2 590;2 600;2 630;2 630;2 630;2 610;2 610;2 580;2 590;2 600;2 630;2 630;2 620;2 550;2 430;2 460;2 440;2 430;2 400;2 400;2 360;2 310;2 260;2 230;2 180;2 130;2 170;2 140;2 120;;;;;;
10003;Sertéshús, comb (csont és csülök nélkül), kg ;1 190;1 170;1 160;1 170;1 210;1 230;1 240;1 250;1 270;1 260;1 230;1 220;1 220;1 200;1 210;1 210;1 210;1 200;1 200;1 210;1 200;1 200;1 220;1 210;1 190;1 200;1 210;1 220;1 310;1 360;1 390;1 370;1 410;1 420;1 430;1 550;1 590;1 580;1 600;1 630;1 610;1 590;1 510;1 470;1 470;1 490;1 430;1 450;1 440;1 410;1 420;1 480;1 460;1 480;1 470;1 460;1 430;1 420;1 420;1 410;1 440;1 420;1 430;1 500;1 510;1 500;1 520;1 530;1 560;1 580;1 590;1 580;1 610;1 600;1 590;1 590;1 580;1 590;1 590;1 840;1 870;1 890;1 860;1 870;1 890;1 860;1 870;1 880;1 870;1 870;1 980;1 990;1 980;2 000;2 020;2 030;2 010;1 990;1 980;1 900;1 930;1 940;1 940;1 920;1 910;1 890;1 850;1 810;1 780;1 710;1 680;1 720;1 720;1 680;;;;;;
10103;Marhahús, rostélyos, csontos vagy csont nélküli, kg ;1 860;1 870;1 890;1 890;1 890;1 890;1 900;1 930;1 930;1 940;1 940;1 950;1 950;1 930;1 930;1 940;1 950;1 950;1 950;1 970;1 960;1 980;1 970;1 990;2 000;2 010;2 000;2 030;2 040;2 040;2 050;2 060;2 070;2 080;2 110;2 120;2 130;2 130;2 130;2 220;2 210;2 220;2 380;2 400;2 330;2 310;2 310;2 320;2 330;2 350;2 390;2 360;2 420;2 400;2 440;2 500;2 550;2 580;2 590;2 680;2 770;2 820;2 920;3 240;3 420;3 640;3 750;3 880;4 050;4 060;4 100;4 190;4 220;4 300;4 340;4 340;4 620;4 600;4 600;4 660;4 650;4 670;4 400;4 570;4 560;4 580;4 640;4 690;4 660;4 680;4 710;4 710;4 700;4 720;4 800;4 480;4 700;4 820;4 860;4 880;4 940;5 830;5 980;6 020;6 230;6 400;6 360;6 270;5 900;5 740;5 750;5 760;5 840;5 880;;;;;;
10401;Bontott csirke, kg;673;652;651;656;660;653;662;660;662;660;664;652;677;684;680;685;682;685;679;670;681;678;673;669;672;684;680;680;683;687;679;680;686;683;696;697;705;703;694;705;727;703;731;729;725;733;738;722;734;725;740;746;752;760;780;786;790;785;778;797;849;897;927;1 020;1 080;1 160;1 230;1 240;1 260;1 280;1 350;1 340;1 390;1 360;1 350;1 390;1 370;1 380;1 340;1 370;1 360;1 350;1 350;1 330;1 370;1 360;1 340;1 350;1 370;1 360;1 360;1 350;1 360;1 350;1 350;1 360;1 350;1 360;1 390;1 270;1 270;1 250;1 270;1 290;1 290;1 300;1 280;1 360;1 310;1 280;1 300;1 280;1 330;1 320;;;;;;
10405;Csirkecomb, kg;633;623;622;629;627;624;617;624;635;625;620;635;617;633;626;639;628;639;634;626;629;641;634;620;616;620;631;626;628;632;634;636;632;643;636;636;634;646;642;674;693;676;660;665;667;656;649;650;653;662;660;677;691;719;732;745;732;740;734;774;807;839;884;1 010;1 100;1 140;1 160;1 200;1 210;1 240;1 300;1 300;1 340;1 330;1 340;1 340;1 340;1 310;1 330;1 310;1 320;1 320;1 270;1 220;1 230;1 210;1 230;1 210;1 180;1 210;1 220;1 220;1 180;1 220;1 200;1 190;1 200;1 190;1 180;1 150;1 140;1 150;1 170;1 170;1 170;1 170;1 150;1 120;1 100;1 070;1 060;1 060;1 060;1 060;;;;;;
10407;Csirkeszárny, kg;532;514;527;534;540;528;551;553;553;575;566;571;576;572;575;563;580;581;568;583;582;586;574;579;582;571;577;582;584;587;595;598;594;595;584;589;600;606;607;604;636;625;641;642;635;631;639;641;639;642;650;659;681;701;715;720;719;720;713;731;763;784;824;945;981;1 030;1 060;1 080;1 100;1 100;1 190;1 200;1 180;1 190;1 210;1 240;1 230;1 240;1 210;1 180;1 170;1 150;1 140;1 160;1 170;1 160;1 150;1 150;1 140;1 140;1 140;1 140;1 130;1 140;1 140;1 130;1 120;1 140;1 160;1 090;1 100;1 090;1 110;1 110;1 110;1 110;1 100;1 080;1 040;996;1 000;1 010;1 030;1 030;;;;;;
10408;Pulykamellfilé, kg;1 690;1 650;1 650;1 670;1 700;1 700;1 700;1 700;1 710;1 740;1 730;1 730;1 730;1 710;1 700;1 710;1 670;1 700;1 700;1 700;1 700;1 690;1 740;1 710;1 730;1 780;1 750;1 720;1 750;1 770;1 750;1 780;1 810;1 820;1 860;1 870;1 890;1 880;1 930;1 920;1 940;1 980;1 930;1 940;1 920;1 870;1 850;1 790;1 840;1 840;1 900;1 880;1 920;1 920;1 920;1 920;1 930;1 920;1 930;1 930;1 970;1 990;2 030;2 090;2 280;2 380;2 490;2 540;2 590;2 730;2 940;3 140;3 340;3 410;3 480;3 400;3 380;3 340;3 180;3 050;3 070;3 050;2 920;2 850;2 850;2 800;2 830;2 830;2 800;2 830;2 820;2 880;2 840;2 830;2 870;2 920;2 980;3 120;3 170;3 110;3 100;3 120;3 170;3 160;3 210;3 220;3 260;3 310;3 320;3 310;3 300;3 290;3 340;3 300;;;;;;
10409;Csirkemellfilé (csont és bõr nélkül), kg;1 280;1 250;1 260;1 260;1 250;1 270;1 300;1 300;1 310;1 330;1 320;1 320;1 330;1 320;1 330;1 370;1 370;1 380;1 440;1 470;1 480;1 470;1 460;1 460;1 440;1 430;1 430;1 430;1 450;1 430;1 430;1 420;1 430;1 400;1 390;1 370;1 400;1 410;1 460;1 510;1 470;1 470;1 450;1 400;1 390;1 410;1 400;1 370;1 360;1 400;1 420;1 480;1 500;1 560;1 610;1 610;1 600;1 600;1 570;1 620;1 730;1 600;1 610;1 660;1 670;1 690;1 680;1 690;1 690;1 710;1 730;1 730;1 760;1 750;1 740;1 760;1 760;1 770;1 740;2 000;1 960;1 950;1 860;1 920;1 900;1 900;1 940;1 920;1 960;1 990;2 220;2 200;2 160;2 240;2 270;2 270;2 310;2 390;2 410;2 320;2 330;2 400;2 600;2 620;2 650;2 640;2 630;2 560;2 550;2 470;2 460;2 500;2 470;2 460;;;;;;
10501;Szárazkolbász, kg ;3 160;3 210;3 190;3 270;3 310;3 300;3 290;3 260;3 320;3 360;3 240;3 290;3 350;3 270;3 370;3 430;3 380;3 330;3 310;3 360;3 460;3 410;3 440;3 410;3 440;3 450;3 460;3 420;3 500;3 510;3 510;3 540;3 660;3 760;3 830;3 810;3 880;3 890;3 940;3 830;4 060;3 920;4 010;4 100;4 140;4 140;4 070;4 120;4 200;4 140;4 130;4 140;4 050;4 030;4 010;4 010;4 030;4 130;4 120;4 130;4 110;4 210;4 280;4 500;4 780;4 940;5 020;5 040;5 260;5 730;5 810;5 850;6 090;6 120;6 110;6 000;5 930;5 990;5 930;5 970;5 990;6 010;5 920;5 860;5 700;5 700;5 740;5 770;5 720;5 700;5 630;5 650;5 700;5 730;5 690;5 760;5 790;5 810;5 790;6 140;6 010;6 130;6 060;6 110;6 110;6 090;6 080;5 930;5 930;5 820;5 900;5 870;5 830;6 010;;;;;;
10502;Téliszalámi, kg;6 870;7 020;7 100;7 120;7 210;7 230;7 240;7 260;7 160;7 260;7 280;7 120;7 340;7 560;7 490;7 500;7 430;7 410;7 420;7 410;7 350;7 340;7 330;7 290;7 420;7 600;7 700;7 640;7 690;7 690;7 720;7 800;8 070;8 100;8 350;8 480;8 450;8 930;9 140;9 180;9 090;9 320;9 240;9 300;9 410;9 390;9 100;9 050;9 160;9 110;8 880;8 970;9 170;9 010;8 730;8 840;9 120;9 080;8 850;9 060;9 070;9 410;9 360;9 870;10 700;10 390;10 480;10 490;10 770;11 310;10 970;11 600;12 360;13 000;12 520;12 440;12 510;12 420;12 560;12 610;12 550;12 500;12 600;11 230;10 950;10 910;10 820;10 910;10 950;10 600;10 670;10 790;10 910;10 790;10 780;10 800;10 890;10 640;10 390;10 490;10 690;10 760;10 470;10 660;10 720;10 510;10 650;10 290;10 450;10 540;10 400;10 420;10 280;10 050;;;;;;
10506;Pulykamell sonka, szeletelt, kg;2 580;2 620;2 630;2 660;2 700;2 680;2 680;2 690;2 640;2 700;2 700;2 690;2 740;2 760;2 730;2 720;2 770;2 780;2 740;2 790;2 780;2 790;2 840;2 840;2 910;2 910;2 890;2 940;2 910;2 940;2 940;2 930;2 950;2 980;3 010;3 020;3 050;3 120;3 090;3 160;3 090;3 110;3 150;3 180;3 180;3 140;3 120;3 110;3 060;3 070;3 050;3 040;3 080;3 100;3 130;3 080;3 160;3 140;3 140;3 210;3 260;3 380;3 370;3 560;3 730;3 880;4 040;4 290;4 400;4 670;5 000;4 980;5 210;5 270;5 420;5 330;5 420;5 440;5 450;5 460;5 360;5 320;5 380;5 140;5 260;5 300;5 360;5 360;5 350;5 410;5 410;5 270;5 310;5 080;5 390;5 340;5 500;5 480;5 460;5 420;5 360;5 140;4 970;5 090;4 990;5 040;4 990;5 180;5 080;5 320;5 160;5 050;5 090;5 040;;;;;;
10601;Párizsi felvágott, kg ;1 300;1 340;1 350;1 340;1 340;1 370;1 400;1 370;1 390;1 380;1 390;1 390;1 370;1 420;1 420;1 430;1 420;1 440;1 470;1 420;1 440;1 480;1 460;1 490;1 460;1 500;1 530;1 540;1 490;1 520;1 580;1 550;1 600;1 670;1 670;1 750;1 750;1 840;1 910;1 940;1 920;1 890;1 890;1 910;1 930;1 930;1 930;1 930;1 890;1 920;1 900;1 910;1 920;1 910;1 940;1 880;1 900;1 880;1 900;1 920;1 900;2 010;2 050;2 200;2 280;2 300;2 390;2 350;2 410;2 560;2 630;2 700;2 850;2 840;2 870;2 890;2 830;2 830;2 830;2 840;2 830;2 840;2 840;2 700;2 720;2 710;2 750;2 700;2 660;2 620;2 740;2 650;2 680;2 660;2 710;2 730;2 750;2 740;2 650;2 090;2 040;2 070;2 090;2 080;2 090;2 080;2 060;2 030;2 030;2 030;2 060;2 070;2 040;2 030;;;;;;
10602;Virsli, sertés vagy baromfi, kg;1 480;1 610;1 640;1 600;1 650;1 650;1 670;1 670;1 640;1 650;1 680;1 650;1 560;1 690;1 690;1 680;1 660;1 640;1 700;1 640;1 670;1 670;1 710;1 700;1 630;1 690;1 720;1 740;1 770;1 700;1 760;1 790;1 780;1 870;1 880;1 910;1 930;2 070;2 100;2 060;2 050;2 030;2 110;2 120;2 090;2 120;2 120;2 010;2 070;2 090;2 080;2 110;2 110;2 160;2 110;2 150;2 130;2 130;2 120;2 100;2 090;2 260;2 310;2 400;2 610;2 630;2 710;2 770;2 790;2 980;3 040;3 050;3 010;3 250;3 210;3 160;3 290;3 210;3 300;3 240;3 270;3 300;3 330;3 130;3 060;3 150;3 160;3 070;3 140;3 090;3 080;3 060;3 050;3 040;3 010;3 030;3 030;3 070;3 070;3 130;3 160;3 110;3 030;3 060;3 020;3 070;3 120;3 140;3 080;3 180;3 190;3 160;3 180;3 220;;;;;;
10603;Olasz felvágott, kg ;1 420;1 420;1 430;1 460;1 440;1 450;1 480;1 490;1 440;1 500;1 520;1 490;1 510;1 490;1 500;1 530;1 540;1 550;1 570;1 580;1 560;1 580;1 570;1 610;1 580;1 600;1 620;1 670;1 630;1 650;1 710;1 700;1 730;1 770;1 800;1 830;1 890;1 950;1 980;2 100;2 090;2 090;2 010;2 030;2 080;2 030;2 060;2 070;2 050;2 050;2 050;2 100;2 090;2 050;2 060;2 070;2 090;2 080;2 070;2 100;2 130;2 220;2 270;2 370;2 580;2 580;2 640;2 660;2 680;2 850;3 020;3 050;3 120;3 150;3 230;3 300;3 210;3 150;3 210;3 200;3 210;3 210;3 210;3 110;3 120;3 090;3 120;3 060;3 130;3 120;3 150;3 090;3 150;3 150;3 100;3 160;3 190;3 250;3 320;3 280;3 290;3 250;3 230;3 280;3 230;3 250;3 240;3 140;3 110;3 200;3 180;3 200;3 250;3 240;;;;;;
10801;Pontyszelet vagy filé, kg;1 810;1 810;1 870;1 870;1 900;1 920;1 950;1 970;1 990;2 000;2 010;2 050;1 980;1 970;1 960;1 990;2 000;2 030;2 050;2 030;2 050;2 050;2 060;2 140;2 140;2 140;2 180;2 170;2 180;2 190;2 180;2 170;2 190;2 200;2 210;2 230;2 220;2 230;2 240;2 260;2 280;2 290;2 290;2 290;2 290;2 280;2 270;2 320;2 330;2 320;2 350;2 370;2 360;2 390;2 430;2 460;2 490;2 520;2 540;2 570;2 650;2 670;2 730;2 860;2 980;3 120;3 220;3 290;3 410;3 580;3 730;3 930;3 980;4 090;4 160;4 170;4 130;4 140;4 140;4 170;4 180;4 230;4 230;4 270;4 260;4 320;4 310;4 240;4 340;4 320;4 290;4 250;4 250;4 390;4 410;4 470;4 500;4 480;4 520;4 570;4 530;4 520;4 520;4 560;4 570;4 560;4 590;4 660;4 670;4 820;4 790;4 770;4 750;4 760;;;;;;
11001;Tojás, 10 darab ;367;359;363;362;368;366;367;365;369;385;457;544;546;495;462;437;422;403;392;392;393;396;399;402;408;407;403;398;395;391;393;391;395;403;410;420;419;422;422;434;421;422;433;437;438;434;445;442;442;442;454;457;463;460;458;455;462;469;480;491;498;499;511;588;609;627;641;658;723;899;984;904;904;912;909;904;906;894;850;769;754;755;753;750;750;739;730;721;708;697;727;712;729;740;825;917;930;928;926;919;895;879;852;850;861;890;921;954;932;918;925;926;884;862;;;;;;
11101;Pasztõrözött ESL tej, 2,8%, liter  ;216;214;211;211;213;210;211;210;218;221;225;229;252;253;250;251;250;247;251;246;252;249;252;253;237;240;241;239;239;238;243;241;247;250;252;253;258;263;262;256;264;260;267;270;266;264;265;263;258;267;268;264;269;266;265;266;272;273;277;294;303;303;315;319;347;363;380;414;441;468;495;532;557;562;553;535;533;501;470;465;455;453;462;460;457;453;450;440;439;432;437;423;476;483;487;493;534;510;474;429;425;430;414;417;414;414;415;409;395;391;392;386;378;355;;;;;;
11103;Pasztõrözött ESL tej, 1,5%, liter;206;202;202;202;202;201;202;203;204;209;210;214;235;236;235;233;234;231;232;233;233;234;234;234;218;218;220;219;220;220;218;218;225;232;234;235;237;244;245;244;242;236;243;247;246;244;244;244;242;245;247;247;248;247;246;247;246;248;252;274;286;287;289;303;325;340;357;380;410;433;459;512;515;521;517;489;493;479;437;431;422;419;421;428;430;421;415;418;413;415;410;413;434;453;445;491;502;489;460;406;399;401;397;399;402;401;401;395;385;372;371;359;351;338;;;;;;
11104;UHT tartós tej dobozban, 2,8% zsírtartalom, liter;247;254;257;260;258;257;253;261;264;267;258;264;264;264;264;262;261;262;259;260;260;261;261;258;238;236;239;245;243;242;242;243;246;252;255;254;253;257;264;261;260;254;257;261;257;260;260;258;258;262;265;265;264;262;263;265;265;268;274;300;315;278;274;277;277;279;282;281;282;282;286;294;298;299;303;302;304;300;297;321;310;312;308;309;318;319;320;321;320;318;397;414;451;462;463;455;524;504;463;412;412;411;408;407;403;406;409;399;390;375;366;362;353;359;;;;;;
11209;Sajt, trappista, tömb, kg ;1 680;1 690;1 680;1 640;1 640;1 650;1 680;1 680;1 690;1 730;1 730;1 710;1 720;1 720;1 700;1 690;1 650;1 650;1 680;1 670;1 690;1 730;1 760;1 780;1 720;1 730;1 780;1 740;1 760;1 760;1 720;1 730;1 760;1 810;1 820;1 810;1 810;1 850;1 900;1 870;1 870;1 840;1 910;1 900;1 900;1 930;1 960;1 950;1 940;1 950;1 950;1 970;2 010;2 000;2 000;1 990;1 970;2 040;2 130;2 210;2 400;2 440;2 550;2 700;2 920;3 150;3 410;3 630;3 850;4 050;4 250;4 590;4 650;4 560;4 030;3 660;3 440;3 270;3 200;3 060;2 910;2 850;2 960;2 860;2 950;2 970;2 980;2 960;3 000;3 030;3 080;3 060;3 150;3 350;3 340;3 360;3 440;3 510;3 430;2 990;2 970;2 970;2 990;3 020;3 010;3 010;2 950;2 930;2 860;2 820;2 780;2 710;2 570;2 620;;;;;;
11301;Tejföl, 20% zsírtartalom, kg;136;135;135;136;137;136;136;140;147;148;151;150;151;152;152;153;151;153;153;155;156;156;158;158;157;161;162;163;162;161;161;162;165;168;167;167;167;173;174;173;172;174;172;172;171;169;170;170;168;172;172;172;172;173;173;174;176;179;185;202;208;211;218;227;247;260;274;302;328;347;355;381;2 490;2 480;2 430;2 330;2 300;2 220;2 110;2 060;1 990;2 000;2 000;1 920;1 930;1 910;1 850;1 910;1 890;1 880;1 870;1 840;1 960;1 990;2 030;2 140;2 210;2 170;1 970;1 540;1 520;1 510;1 540;1 510;1 540;1 530;1 520;1 510;1 440;1 410;1 330;1 320;1 300;1 290;;;;;;
11306;Gyümölcsjoghurt, 125–150 g-os, db;104;106;110;109;107;108;110;109;109;109;114;115;119;118;119;121;122;124;125;122;123;125;124;127;128;126;130;129;131;123;125;127;127;129;133;134;132;127;133;123;131;133;132;134;135;139;135;140;138;142;143;144;148;147;147;148;147;146;149;151;159;161;162;165;168;173;185;187;194;207;210;206;221;219;224;221;220;221;220;221;214;217;213;206;202;205;206;198;204;206;201;199;203;200;207;216;222;221;214;164;159;159;160;159;157;156;157;155;153;157;154;154;152;153;;;;;;
11311;Tejföl 12% zsírtartalommal, 300–450 g-os, kg;236;239;238;236;240;238;238;246;253;260;261;264;265;265;261;256;264;263;261;267;271;274;265;266;271;268;279;272;279;279;274;281;286;289;283;281;289;291;300;285;301;296;289;289;293;297;296;293;295;302;302;295;302;302;307;304;306;315;311;333;339;340;349;361;397;419;440;470;536;573;590;631;660;657;640;633;635;617;573;560;550;534;543;528;529;517;531;510;520;504;495;509;515;543;547;577;609;609;570;466;461;464;461;458;456;467;474;455;1 190;1 150;1 130;1 120;1 100;1 100;;;;;;
12001;Vaj, legalább 80% zsírtartalom, 100-125 g-os csomagolásban, db;266;266;264;264;266;268;269;281;299;310;317;312;320;310;314;307;309;309;308;324;330;334;340;341;339;343;346;336;340;340;339;334;337;346;342;338;342;351;350;342;341;339;347;335;341;343;337;332;332;337;343;335;333;335;346;335;341;353;361;383;391;404;412;415;470;495;527;590;638;702;741;797;791;797;734;727;708;662;640;601;582;612;571;569;621;599;580;597;582;578;528;578;610;625;616;715;708;727;661;530;525;524;521;516;517;517;514;507;489;435;422;411;414;419;;;;;;
12101;Sertészsír, 400–500 g (kivéve mangalica);344;347;353;354;353;356;354;362;362;370;369;377;379;387;388;386;388;389;387;393;391;393;396;395;397;392;388;377;377;374;376;369;366;375;393;414;433;437;443;432;446;449;455;455;458;457;452;460;456;455;453;459;456;457;460;460;463;470;478;483;497;508;518;579;627;636;671;723;795;873;1 010;1 040;1 070;1 080;1 070;1 040;1 020;984;938;878;854;848;880;844;812;832;801;740;750;761;761;766;778;788;768;775;791;764;732;584;578;551;556;539;549;560;567;573;581;582;572;564;529;523;;;;;;
12201;Csemegeszalonna, füstölt (elõre csomagolt is), kg;1 460;1 460;1 470;1 460;1 470;1 470;1 480;1 490;1 500;1 490;1 500;1 490;1 490;1 500;1 500;1 520;1 530;1 530;1 540;1 520;1 560;1 550;1 540;1 540;1 560;1 600;1 590;1 570;1 560;1 620;1 620;1 620;1 640;1 680;1 700;1 740;1 790;1 850;1 900;1 930;1 950;1 870;1 870;1 930;1 940;1 930;1 910;1 960;1 950;1 970;1 940;1 980;1 970;1 960;1 960;1 960;1 990;1 980;2 000;1 990;2 020;2 080;2 110;2 160;2 330;2 380;2 460;2 540;2 660;2 840;2 890;2 900;2 970;3 020;3 040;3 010;3 090;3 090;3 110;3 100;3 160;3 170;3 150;3 150;3 110;3 140;3 150;3 210;3 250;3 100;3 250;3 180;3 270;3 210;3 210;3 120;3 280;3 230;3 280;3 330;3 230;3 200;3 250;3 270;3 180;3 160;3 100;3 260;3 210;3 290;3 260;3 280;3 330;3 310;;;;;;
12301;Napraforgó-étolaj, liter;486;489;487;479;488;492;493;494;493;493;486;484;491;493;487;491;487;490;492;481;484;491;478;487;489;488;488;479;492;486;489;484;481;488;482;481;486;481;507;504;502;502;524;522;521;533;557;571;590;635;647;651;655;659;688;701;708;713;720;735;802;720;721;722;726;727;732;729;733;732;743;744;749;747;744;743;747;744;733;747;742;733;709;670;650;647;645;648;641;640;706;711;716;738;725;746;793;846;887;833;845;829;814;802;806;809;835;825;827;844;849;854;860;860;;;;;;
12402;Tejes margarin, 200–250 g, db;257;257;267;262;270;271;275;279;274;281;275;266;278;282;275;280;281;279;279;281;278;282;281;283;289;292;286;280;289;295;292;299;293;296;286;276;290;284;286;287;288;288;290;286;285;281;278;268;292;300;303;311;310;313;311;316;335;342;348;341;362;390;419;437;468;533;563;573;585;594;612;590;629;605;634;622;626;627;602;617;602;580;596;573;601;574;567;586;584;587;579;578;569;576;571;560;580;612;540;407;404;386;378;388;387;390;389;380;382;383;381;390;387;388;;;;;;
13002;Liszt, finomliszt, kg;138;138;137;134;137;134;135;135;137;140;141;136;144;142;141;141;144;139;143;140;146;149;155;150;157;157;160;159;159;156;158;156;157;157;159;164;167;168;166;171;172;171;172;171;176;178;180;178;181;183;182;185;182;185;185;186;188;203;218;223;242;211;212;211;212;211;212;211;212;211;213;217;219;225;227;229;230;229;229;201;194;192;193;183;179;178;176;178;177;178;261;262;264;274;275;261;272;272;268;233;238;238;238;235;236;236;236;233;233;234;233;233;235;232;;;;;;
13003;Rétesliszt, kg;178;176;177;172;177;177;176;173;176;182;184;186;188;186;188;189;190;189;188;183;192;195;199;201;204;205;207;205;207;206;207;206;207;207;208;205;211;210;213;212;209;212;216;216;217;216;218;217;217;220;221;223;229;226;228;230;232;248;259;268;287;304;311;338;361;371;410;440;449;468;486;484;482;483;484;476;466;453;427;401;382;367;356;331;336;335;329;329;331;328;326;326;325;337;332;335;339;339;313;266;264;267;266;262;264;264;263;260;260;258;257;259;259;258;;;;;;
13101;Rizs, hántolt, fényezetlen, kg ;316;317;321;318;320;319;320;318;316;318;317;321;322;323;324;324;319;322;320;319;324;324;326;327;329;331;342;349;347;342;348;347;351;349;348;355;356;358;355;374;384;391;401;407;412;413;413;419;419;423;423;428;438;434;440;438;437;435;434;441;467;492;504;518;555;574;607;641;683;718;757;769;777;779;782;767;754;757;763;752;744;741;747;734;736;733;735;730;731;730;731;736;733;727;728;749;753;756;755;755;730;716;721;720;716;716;696;725;711;738;708;712;695;685;;;;;;
13201;Kenyér, fehér, kg ;274;272;281;274;285;277;285;271;284;275;292;278;288;287;292;291;291;292;291;292;295;301;300;302;303;305;305;306;304;306;308;312;310;310;312;323;325;330;333;345;363;364;365;367;368;370;369;373;374;381;390;393;393;393;395;398;399;417;433;450;458;496;518;538;577;590;670;705;766;825;865;900;966;984;1 000;972;966;958;918;874;896;888;867;852;871;877;875;873;875;879;877;882;890;887;886;901;904;943;955;983;980;972;924;878;903;871;889;901;891;896;901;916;896;868;;;;;;
13206;Félbarna kenyér, kg;227;235;233;241;233;239;235;241;237;244;240;245;241;244;244;247;247;247;249;250;250;253;258;265;266;268;271;278;277;282;283;281;284;285;289;299;300;301;312;312;297;306;323;324;325;325;329;333;333;338;342;343;340;348;343;347;351;360;378;387;405;441;452;452;489;498;590;619;673;727;765;793;864;882;888;888;892;899;830;777;788;785;771;753;725;731;736;740;737;731;730;734;732;740;734;737;749;769;766;769;767;750;766;766;766;766;766;822;817;832;829;816;812;812;;;;;;
13301;Zsemle, 1 db;20;21;21;21;21;21;21;21;21;22;22;22;22;22;22;23;23;23;23;23;23;23;24;24;25;25;25;25;25;25;25;26;26;26;26;27;27;27;27;27;28;28;29;29;29;29;30;30;30;30;30;31;31;31;31;31;31;32;34;34;36;38;40;41;45;47;51;54;57;61;65;65;69;71;70;69;67;68;67;68;67;68;68;67;66;67;66;66;66;66;66;66;66;66;65;66;68;70;71;71;72;71;71;70;70;71;72;70;71;70;70;70;70;70;;;;;;
13305;Kakaós csiga, db;120;119;122;123;123;124;124;124;123;124;127;127;126;124;128;130;131;131;130;131;134;134;136;137;136;140;142;143;142;142;141;144;143;141;143;142;145;145;146;147;151;154;146;147;147;142;145;147;147;149;152;153;151;154;153;153;155;156;166;168;175;185;184;190;194;204;217;229;229;244;244;257;262;263;257;255;249;255;252;257;253;252;254;252;247;248;248;244;251;250;247;251;247;251;251;253;252;253;254;254;259;270;257;262;255;265;265;257;261;259;257;247;242;239;;;;;;
13404;Spagetti, 4 tojásos, gyári készítésû, 400-500 g-os, db;329;332;334;331;336;330;341;336;335;340;340;345;366;370;374;376;372;376;366;373;371;359;358;359;378;392;389;386;391;379;384;384;381;375;373;374;386;380;378;370;373;371;366;379;388;398;396;398;402;407;391;406;404;395;410;406;409;429;436;455;479;503;506;533;566;579;641;682;686;709;793;829;846;844;819;811;793;785;744;721;685;669;670;649;615;630;623;615;633;617;623;606;611;578;608;546;603;600;618;614;599;627;623;624;605;593;615;610;611;604;596;609;590;616;;;;;;
13501;Kristálycukor, kg  ;267;272;278;278;279;278;278;274;270;257;239;225;231;226;219;217;214;205;201;197;198;195;192;189;202;207;206;206;208;209;207;209;211;214;217;218;223;227;233;242;246;246;244;243;242;244;244;249;254;253;254;255;255;254;253;254;254;261;267;277;287;262;260;261;259;259;260;260;261;260;258;258;260;262;262;262;261;261;261;447;437;432;427;398;388;373;365;361;359;348;411;416;409;406;389;386;386;386;377;355;355;360;360;359;362;358;360;361;361;357;348;343;336;328;;;;;;
13601;Kakaópor, 70–200 g-os, kg;330;332;334;339;347;354;354;355;354;347;353;333;352;351;354;355;356;365;360;369;371;365;373;365;373;374;377;373;377;374;378;383;381;384;387;391;399;410;409;402;386;395;410;409;415;413;405;400;406;410;404;407;413;406;403;404;402;406;403;398;422;443;450;437;462;477;490;506;518;526;543;533;595;637;655;647;667;668;670;664;665;663;678;666;678;682;674;663;676;684;684;699;704;690;695;695;8 060;9 180;10 050;9 980;10 060;9 420;10 300;10 260;10 310;10 170;10 020;10 440;10 430;10 630;10 330;10 140;9 460;9 400;;;;;;
13617;Mogyorós tejcsokoládé, 80–100 g, egész- vagy törtmogyorós tábla, db;302;300;300;298;296;295;296;297;292;293;294;291;296;299;296;296;294;293;295;296;298;298;297;292;307;311;309;305;307;310;310;312;310;315;312;310;312;315;316;340;344;336;342;347;341;342;343;345;348;350;357;359;361;365;365;370;370;370;369;365;368;367;364;367;365;372;394;406;408;428;454;459;481;483;512;525;533;529;540;549;564;559;547;535;541;542;543;549;557;551;550;551;567;587;589;574;597;603;643;676;692;672;703;703;707;708;687;737;737;737;720;745;716;716;;;;;;
13711;Jégkrém, dobozos, liter;1 140;1 150;1 160;1 130;1 120;1 100;1 120;1 120;1 130;1 150;1 180;1 160;1 170;1 180;1 170;1 140;1 140;1 140;1 140;1 140;1 190;1 190;1 230;1 220;1 250;1 270;1 240;1 260;1 250;1 220;1 230;1 250;1 310;1 270;1 300;1 280;1 290;1 330;1 250;1 220;1 240;1 210;1 260;1 290;1 300;1 340;1 360;1 330;1 370;1 390;1 340;1 350;1 340;1 330;1 330;1 340;1 360;1 430;1 430;1 450;1 470;1 480;1 450;1 460;1 440;1 500;1 620;1 680;1 740;1 800;1 820;1 820;1 860;2 010;2 090;2 070;2 090;2 100;2 110;2 050;2 100;2 180;2 180;2 050;2 040;2 090;2 050;2 080;2 040;2 060;2 060;2 030;2 140;2 180;2 150;2 190;2 220;2 250;2 220;2 240;2 200;2 160;2 190;2 120;2 170;2 230;2 200;2 150;2 160;2 220;2 230;2 170;2 170;2 190;;;;;;
13801;Háztartási keksz, csomagolt 800–1000 g,csomag;593;595;584;579;593;594;593;591;590;594;589;580;590;593;594;593;599;603;600;603;601;607;600;610;619;630;619;630;632;640;649;639;648;642;644;645;652;650;646;627;630;632;655;646;641;642;637;634;643;641;643;646;639;646;650;652;659;665;673;671;687;693;698;731;742;743;988;996;970;1 060;1 190;1 180;1 210;1 190;1 200;1 190;1 170;1 160;1 150;1 120;1 120;1 140;1 260;1 240;1 220;1 190;1 180;1 170;1 170;1 160;1 150;1 140;1 150;1 160;1 110;1 110;1 110;1 100;1 090;1 070;1 080;1 160;1 300;1 320;1 310;1 290;1 320;1 320;1 360;1 370;1 340;1 330;1 350;1 360;;;;;;
13910;Akácméz, kg;968;971;959;959;956;953;968;970;974;971;978;978;3 450;3 450;3 470;3 470;3 500;3 480;3 490;3 480;3 500;3 460;3 480;3 490;3 500;3 500;3 470;3 490;3 470;3 490;3 530;3 490;3 460;3 520;3 490;3 540;3 580;3 670;3 670;3 700;3 710;3 740;4 080;4 390;4 480;4 540;4 580;4 610;4 640;4 690;4 710;4 720;4 750;4 730;4 750;4 800;4 800;5 220;5 640;5 860;5 900;6 020;6 130;6 090;6 100;6 220;6 310;6 370;6 410;6 460;6 670;6 810;6 790;6 790;6 680;6 690;6 790;6 710;6 670;6 670;6 620;6 590;6 480;5 990;5 990;5 940;5 860;5 840;5 880;5 870;5 870;5 840;5 820;5 790;5 730;5 440;5 430;5 460;5 440;5 420;5 460;5 340;5 440;5 370;5 430;5 510;5 530;6 020;6 010;6 230;6 040;6 000;5 990;6 020;;;;;;
14001;Korai burgonya, kg;..;..;..;..;401;248;178;..;..;..;..;..;..;..;..;..;602;364;245;..;..;..;..;..;..;..;..;..;537;406;303;..;..;..;..;..;..;..;..;..;490;349;269;..;..;..;..;..;..;..;..;..;602;508;331;..;..;..;..;..;..;..;..;..;759;477;361;..;..;..;..;..;..;..;..;..;934;753;533;..;..;..;..;..;..;..;..;..;814;561;429;..;..;..;..;..;..;..;..;..;823;558;423;..;..;..;..;..;..;..;..;..;850;633;;;;;;
14002;Kései burgonya, kg;172;184;187;190;196;196;..;154;143;147;151;153;151;157;158;160;174;197;..;187;190;199;217;229;243;268;279;284;313;334;..;251;231;233;238;245;253;258;278;293;317;325;..;234;217;207;212;213;220;223;226;233;261;296;..;249;244;252;260;266;270;272;278;284;295;322;..;322;352;380;392;391;400;404;408;420;453;487;..;445;410;401;400;398;398;407;415;424;435;448;..;375;372;386;395;396;402;411;403;401;407;410;..;391;368;355;353;343;334;335;333;355;370;421;;;;;;
14101;Sárgarépa, kg;193;197;198;198;199;172;221;207;196;197;194;195;196;198;204;231;204;179;369;360;356;354;347;348;345;356;348;347;353;307;358;332;305;294;287;284;295;289;300;333;308;264;366;329;315;305;304;295;295;294;298;317;312;281;380;354;338;324;318;315;322;320;322;329;332;305;403;400;416;423;419;420;426;434;469;525;433;387;730;655;617;589;529;526;535;537;528;526;577;513;594;552;546;559;552;529;512;522;528;534;543;495;573;529;501;478;468;462;442;449;452;447;482;629;;;;;;
14103;Vöröshagyma, kg;169;168;166;161;165;167;172;168;165;159;157;160;157;159;162;165;173;190;207;215;217;225;233;255;291;325;333;344;394;431;406;338;300;282;274;269;272;269;281;307;325;331;314;293;279;264;254;255;254;252;253;257;267;284;298;300;289;278;276;274;278;281;282;283;289;329;376;381;391;394;397;408;432;473;590;639;673;702;650;591;568;528;505;490;488;494;499;504;512;512;472;434;422;413;431;399;392;403;416;419;478;539;523;495;460;423;419;355;335;336;338;336;348;365;;;;;;
14104;Fejes káposzta, kg ;156;167;172;181;213;201;186;181;180;168;167;164;162;165;165;173;212;253;266;260;273;260;255;256;271;303;325;392;424;359;345;306;295;271;259;254;260;257;270;351;360;327;286;268;263;256;249;245;248;256;260;284;321;346;322;304;298;287;278;273;281;285;293;323;370;398;409;430;454;445;420;412;412;411;423;451;509;529;502;458;432;402;376;377;371;371;392;427;471;491;479;464;471;461;446;449;453;479;500;535;636;615;564;527;501;452;431;378;356;356;355;364;411;405;;;;;;
14107;Paradicsom, kg;777;932;806;856;713;544;424;325;324;521;591;634;825;773;795;773;716;529;405;371;436;631;626;687;808;853;855;853;679;513;499;608;511;541;629;666;845;931;975;978;830;597;459;479;467;562;663;729;874;877;894;959;777;627;584;523;614;637;717;763;951;1 090;1 270;1 390;1 070;889;748;686;696;1 010;1 100;1 100;1 280;1 550;1 870;1 630;1 340;1 000;798;630;664;825;1 170;1 270;1 550;1 430;1 400;1 370;1 170;881;735;719;873;1 190;1 370;1 360;1 570;1 660;1 690;1 620;1 250;1 060;941;864;851;900;1 140;1 150;1 450;1 570;1 680;1 940;1 370;1 040;;;;;;
14108;Zöldpaprika (szántóföldi és primõr együtt), kg;872;1 060;1 100;1 080;916;740;465;332;341;406;493;594;833;978;1 060;1 060;1 010;748;471;417;471;536;610;764;965;1 190;1 280;1 290;1 100;884;702;614;538;538;638;767;1 040;1 240;1 360;1 200;1 090;869;639;607;581;621;740;886;1 070;1 210;1 250;1 250;1 140;977;697;565;604;619;706;833;1 060;1 310;1 590;1 580;1 390;1 180;910;789;817;939;1 040;1 210;1 460;1 770;2 160;2 030;1 660;1 370;1 040;775;794;808;967;1 250;1 710;1 810;1 870;1 850;1 620;1 280;941;872;940;1 040;1 200;1 540;1 760;1 950;1 960;1 920;1 740;1 420;1 120;988;949;982;1 130;1 390;1 930;2 110;2 180;2 090;1 670;1 340;;;;;;
14110;Uborka, kg;808;856;828;613;499;390;340;343;381;415;492;618;695;758;754;659;560;425;389;419;435;491;623;709;716;778;781;684;580;471;457;482;478;487;603;713;792;1 040;916;678;631;548;524;493;505;572;763;731;907;1 050;1 020;857;768;627;529;553;598;601;732;923;1 010;1 260;1 260;1 150;908;704;654;744;820;898;974;1 180;1 350;1 560;1 850;1 250;1 030;848;703;689;737;776;955;1 190;1 370;1 300;1 340;1 110;982;869;818;929;1 010;1 050;1 100;1 130;1 480;1 610;1 540;1 310;1 020;880;825;824;949;987;1 170;1 620;1 970;2 000;1 770;1 520;1 170;926;;;;;;
14111;Gomba, kg;759;756;761;757;759;759;764;761;763;758;768;765;767;767;772;765;768;773;772;780;802;827;852;855;868;883;884;896;898;898;895;912;915;927;940;950;953;964;965;1 000;1 000;1 000;1 000;1 010;1 020;1 030;1 050;1 040;1 050;1 050;1 060;1 060;1 060;1 080;1 080;1 090;1 100;1 110;1 120;1 130;1 150;1 180;1 190;1 210;1 240;1 250;1 270;1 330;1 380;1 450;1 470;1 500;1 550;1 570;1 600;1 620;1 620;1 630;1 640;1 660;1 670;1 700;1 710;1 740;1 730;1 760;1 750;1 770;1 780;1 780;1 780;1 790;1 790;1 820;1 850;1 830;1 850;1 870;1 870;1 890;1 880;1 880;1 840;1 850;1 870;1 900;1 880;1 880;1 920;1 900;1 910;1 880;1 910;1 910;;;;;;
14201;Alma, kg ;264;271;269;274;296;335;356;355;318;295;297;301;308;318;333;362;385;402;408;382;314;285;266;260;264;272;268;269;283;289;297;305;309;306;309;321;345;357;385;427;497;546;617;624;563;494;462;457;449;449;443;450;457;455;455;454;441;413;402;398;405;408;413;427;438;457;465;476;486;488;474;475;480;489;492;493;517;529;528;536;520;504;497;512;509;531;536;536;551;571;591;607;598;587;593;600;604;626;635;657;678;753;816;859;818;734;666;612;593;575;566;570;582;605;;;;;;
14202;Görögdinnye, kg;111;113;114;124;135;277;175;125;132;125;121;115;118;121;127;137;138;292;183;170;170;166;156;147;146;149;151;161;169;351;306;183;183;186;188;183;189;193;200;223;248;336;278;221;221;211;206;195;193;197;195;206;212;390;303;214;214;209;205;195;200;204;210;224;228;534;391;325;325;335;338;327;335;340;341;351;361;555;503;343;343;343;365;343;344;351;348;363;363;584;462;348;348;355;360;338;340;348;354;370;383;686;547;355;355;348;335;318;314;317;314;327;331;728;;;;;;
14209;Körte, kg;553;579;592;630;675;706;689;588;512;499;535;563;590;610;629;656;687;715;688;596;552;540;565;576;589;620;627;652;701;725;727;657;620;634;667;703;746;783;811;874;960;1 050;959;851;752;719;744;760;785;806;813;847;876;888;907;881;794;784;798;822;867;898;922;984;1 030;1 050;1 040;983;928;910;938;973;999;1 060;1 090;1 150;1 200;1 260;1 350;1 280;1 130;1 080;1 120;1 140;1 180;1 240;1 230;1 290;1 300;1 300;1 190;1 120;1 070;1 110;1 160;1 190;1 230;1 250;1 270;1 320;1 390;1 430;1 440;1 400;1 280;1 270;1 230;1 200;1 200;1 220;1 210;1 250;1 260;1 270;;;;;;
14221;Citrom, kg ;612;613;606;614;646;804;851;860;821;716;666;650;638;644;639;636;665;816;882;924;1 000;834;694;662;636;641;630;625;659;709;735;760;786;775;757;738;725;751;759;930;1 050;1 030;1 040;1 030;1 010;919;883;809;764;793;780;770;766;784;832;971;993;929;798;725;738;740;756;814;868;1 030;1 120;1 140;1 140;1 110;1 120;1 060;1 070;1 040;1 040;1 010;1 030;1 080;1 100;1 070;1 070;1 000;924;942;972;951;964;946;982;997;1 040;1 090;1 310;1 310;1 110;1 030;1 050;1 030;1 030;1 050;1 160;1 280;1 330;1 450;1 440;1 420;1 370;1 330;1 300;1 350;1 350;1 400;1 470;1 550;;;;;;
14222;Banán, kg;416;431;431;445;449;451;439;427;398;417;405;408;444;475;501;497;455;434;419;417;416;434;406;402;422;439;465;476;470;472;467;467;465;484;481;492;508;513;518;522;522;528;491;475;476;464;453;457;488;514;523;521;524;507;503;489;500;499;497;477;518;542;578;595;602;598;581;595;660;729;745;765;801;830;833;830;813;767;738;715;708;737;747;719;740;752;753;774;774;776;769;766;754;751;754;742;752;781;799;808;834;818;816;800;784;799;781;752;770;799;789;803;789;779;;;;;;
14224;Narancs, kg ;355;344;352;385;439;469;521;550;557;564;512;391;386;376;403;417;441;476;493;535;560;574;515;427;394;374;383;394;427;468;507;520;553;594;573;484;478;468;472;554;613;667;723;746;791;813;762;596;545;536;507;532;560;580;614;670;701;712;699;593;563;549;564;582;607;645;682;746;859;938;936;758;733;717;704;745;775;839;865;832;877;921;1 030;885;817;817;764;772;780;793;812;878;942;1 030;981;900;886;890;904;887;953;1 010;1 040;1 050;1 070;1 030;1 000;920;898;889;886;891;934;890;;;;;;
14310;Dobozos narancslé, 100%-os gyümölcstartalom, 1 l, doboz;434;420;417;434;438;438;443;447;447;436;437;425;442;441;430;464;469;471;473;480;480;463;463;461;467;478;464;460;472;478;472;473;484;457;456;464;478;465;471;467;477;473;491;482;492;479;469;467;475;493;505;502;505;504;506;503;498;494;496;481;496;522;518;524;533;538;573;585;598;630;684;709;708;737;771;741;745;758;768;767;767;751;819;841;857;863;871;889;899;904;900;881;938;988;1 090;1 170;1 180;1 160;1 160;1 160;1 180;1 190;1 170;1 150;1 170;1 130;1 060;1 120;1 120;1 100;1 060;1 120;1 100;1 080;;;;;;
14401;Gyorsfagyasztott zöldborsó, kg;716;710;700;695;692;695;691;695;698;691;696;697;704;707;694;691;707;701;688;688;683;692;688;702;691;698;710;714;710;722;739;737;743;745;761;763;765;774;766;752;734;763;811;821;826;815;824;816;828;845;842;851;849;853;851;860;843;857;868;859;856;874;879;869;894;968;1 010;1 050;1 090;1 170;1 190;1 220;1 300;1 310;1 300;1 310;1 370;1 380;1 350;1 300;1 280;1 260;1 240;1 110;1 140;1 120;1 130;1 130;1 130;1 140;1 150;1 150;1 170;1 180;1 130;1 150;1 160;1 150;1 170;1 140;1 140;1 180;1 250;1 250;1 230;1 230;1 220;1 170;1 190;1 190;1 190;1 190;1 220;1 190;;;;;;
14425;Csemegekukorica-konzerv, doboz;288;286;286;292;295;293;293;289;296;290;291;293;303;299;299;291;297;294;303;302;304;309;305;301;309;305;304;304;309;305;316;309;316;321;318;322;322;317;325;332;329;336;343;341;344;346;347;339;344;351;348;354;354;358;371;375;384;374;393;387;403;404;385;395;413;450;484;503;524;525;553;540;2 030;2 130;2 070;2 130;2 170;2 200;2 240;2 220;2 210;2 170;2 200;2 020;2 060;1 950;2 010;1 990;1 950;1 950;1 990;1 990;1 920;1 920;1 940;1 940;603;561;562;543;560;553;537;536;529;532;555;544;544;555;550;534;545;548;;;;;;
14508;Gyümölcslekvár, 250-650 g, min. 50%, kg;457;463;458;460;452;457;465;463;463;461;460;457;458;457;460;454;461;463;463;466;466;470;472;477;481;481;481;478;483;500;499;498;492;495;496;502;503;501;506;514;524;521;530;526;513;499;523;523;524;521;529;533;532;538;540;544;544;557;572;572;598;603;617;622;664;706;737;756;753;804;884;970;2 470;2 650;2 680;2 680;2 680;2 680;2 700;2 690;2 720;2 720;2 750;2 610;2 670;2 680;2 660;2 700;2 720;2 720;2 740;2 730;2 650;2 600;2 610;2 640;2 690;2 670;2 740;2 830;2 850;2 800;2 820;2 780;2 770;2 740;2 810;2 750;2 780;2 900;2 720;2 750;2 840;2 850;;;;;;
14601;Szárazbab, csomagolt is, kg;815;822;824;846;849;854;848;848;857;858;878;880;877;878;880;883;885;879;885;892;893;903;904;904;905;908;917;927;923;924;932;932;946;944;943;942;946;970;977;994;1 020;1 040;1 020;1 040;1 030;1 020;1 030;1 040;1 050;1 060;1 060;1 060;1 070;1 110;1 110;1 110;1 130;1 140;1 150;1 160;1 200;1 230;1 260;1 320;1 340;1 360;1 420;1 490;1 530;1 590;1 610;1 640;1 600;1 630;1 650;1 690;1 690;1 680;1 670;1 670;1 680;1 700;1 690;1 600;1 580;1 590;1 620;1 630;1 620;1 640;1 640;1 600;1 610;1 620;1 610;1 600;1 610;1 620;1 640;1 680;1 690;1 680;1 670;1 660;1 660;1 630;1 640;1 610;1 620;1 660;1 550;1 530;1 530;1 520;;;;;;
14701;Tisztított dió, csomagolt is (nem darált, nem cukrozott),kg;3 450;3 460;3 450;3 470;3 530;3 560;3 620;3 640;3 660;3 670;3 590;3 610;3 600;3 630;3 640;3 630;3 680;3 710;3 740;3 810;3 820;3 950;4 100;4 090;4 070;4 080;4 080;4 000;4 090;4 120;4 150;4 190;4 190;4 110;4 180;4 270;4 180;4 220;4 250;4 230;4 180;4 220;4 400;4 400;4 480;4 460;4 480;4 510;4 590;4 580;4 530;4 560;4 520;4 580;4 530;4 590;4 700;4 860;4 790;4 780;4 970;5 000;4 990;4 970;4 980;5 160;5 230;5 350;5 490;5 750;5 940;5 780;5 940;5 890;5 830;5 860;5 720;5 580;5 580;5 570;5 620;5 700;5 740;5 550;5 640;5 630;5 540;5 650;5 710;5 590;5 480;5 490;5 590;5 700;5 720;5 490;5 560;5 670;5 790;5 910;6 020;6 070;6 080;6 070;6 100;6 050;5 990;6 130;6 200;6 160;6 110;6 150;6 160;6 210;;;;;;
15101;Hasábburgonya, gyorsfagyasztott, félkész, 750–1000 g, csomag;475;480;481;482;485;483;478;484;481;485;484;483;478;481;486;480;485;485;479;487;486;486;491;504;507;522;531;535;532;530;539;535;535;533;539;543;533;534;534;547;569;558;562;569;559;554;562;548;556;566;562;572;565;569;576;574;586;597;597;591;605;611;613;646;678;740;761;779;802;863;982;1 060;1 100;1 120;1 140;1 160;1 150;1 150;1 070;1 060;1 020;1 030;1 050;1 010;986;985;980;1 050;1 040;1 050;1 090;1 080;1 090;1 090;1 080;1 090;1 080;1 090;1 100;1 100;1 110;1 140;1 150;1 160;1 160;1 170;1 180;1 170;1 160;1 160;1 130;1 060;1 050;1 030;;;;;;
15201;Bors, fekete, õrölt, 16–25 g, csomag;167;171;172;174;173;174;174;172;171;171;172;172;170;171;171;172;171;171;169;170;170;166;165;163;164;167;150;166;166;173;170;173;165;159;164;170;173;162;166;163;167;167;163;170;170;165;158;162;165;159;165;171;172;171;167;170;169;169;169;170;173;174;181;186;187;190;189;189;192;195;201;203;217;217;226;220;221;218;218;224;222;227;227;213;212;211;209;210;213;213;213;209;210;214;219;227;227;224;228;234;234;229;234;236;232;234;236;249;253;254;245;242;245;239;;;;;;
15202;Fûszerpaprika, csemege, 75–100 g-os tasakból 1 kg-ra számítva;4 130;4 100;4 120;4 080;4 080;4 110;4 080;4 010;4 030;4 080;4 100;4 060;4 050;4 060;4 100;4 130;4 150;4 100;4 090;4 120;4 100;4 130;4 070;4 130;4 170;4 250;4 250;4 230;4 370;4 380;4 460;4 500;4 520;4 550;4 500;4 530;4 580;4 630;4 630;4 690;4 710;4 680;4 840;4 900;4 940;4 900;4 880;4 970;4 990;4 970;4 970;5 030;5 040;5 020;5 040;5 050;5 030;5 030;5 000;4 980;5 040;5 200;5 330;5 440;5 440;5 650;5 690;5 800;6 090;6 260;6 400;6 670;6 660;6 910;7 320;7 570;7 790;7 960;8 240;8 210;8 240;8 190;8 430;9 040;9 000;9 010;9 010;8 860;9 070;9 120;9 040;9 160;9 120;9 160;9 080;8 760;8 890;8 890;8 920;8 600;8 660;8 610;8 620;8 640;8 570;8 630;8 770;8 770;8 940;9 000;8 920;8 780;8 830;8 870;;;;;;
15204;Só, étkezési, finomított, 1 kg (kivéve tengeri só), kg;87;88;88;88;88;88;89;89;89;88;90;91;93;93;93;93;94;95;96;97;99;101;103;108;112;121;124;126;131;132;134;135;136;137;136;136;136;138;137;141;141;143;146;146;147;147;148;148;146;147;147;150;149;149;150;152;154;157;157;158;158;162;162;163;169;177;185;192;206;216;231;266;291;306;313;311;313;310;303;304;306;303;299;273;272;271;271;271;271;270;269;269;267;267;268;268;264;272;271;272;271;263;264;270;271;270;269;271;263;271;269;270;267;266;;;;;;
16041;Napi menü, 2 fogásos, adag;920;921;934;938;944;946;951;952;955;962;964;969;986;989;1 000;1 010;1 010;1 010;1 020;1 020;1 030;1 040;1 040;1 050;1 060;1 080;1 080;1 090;1 100;1 100;1 100;1 100;1 100;1 110;1 110;1 120;1 140;1 160;1 170;1 190;1 200;1 220;1 230;1 240;1 240;1 250;1 250;1 260;1 270;1 270;1 280;1 290;1 300;1 320;1 330;1 340;1 360;1 370;1 390;1 400;1 440;1 450;1 470;1 500;1 540;1 560;1 600;1 650;1 700;1 750;1 780;1 820;1 870;1 890;1 930;1 970;1 990;1 990;1 990;2 010;2 030;2 030;2 040;2 040;2 070;2 090;2 100;2 130;2 130;2 140;2 150;2 160;2 160;2 160;2 170;2 180;2 220;2 250;2 280;2 300;2 300;2 310;2 300;2 310;2 340;2 340;2 370;2 380;2 400;2 410;2 420;2 430;2 440;2 460;;;;;;
16201;Iskolai ebéd, adag;350;350;351;352;354;354;354;354;355;356;356;357;361;361;362;364;365;364;364;364;364;365;365;365;367;369;369;372;373;374;374;374;375;375;375;376;381;384;389;389;389;389;389;389;394;397;397;397;400;402;402;402;403;404;404;404;409;410;410;410;411;412;412;412;412;412;412;412;468;481;486;490;505;522;536;556;555;558;558;558;578;584;585;588;594;597;599;604;604;604;604;604;617;618;619;613;631;638;646;647;647;647;647;647;661;662;662;662;673;679;693;703;704;704;;;;;;
16407;Hamburger, db;522;525;529;530;532;531;533;535;539;541;544;548;551;552;553;557;559;564;564;564;572;579;587;591;597;598;612;616;624;631;636;643;647;649;652;664;674;678;685;695;718;726;722;731;733;740;746;760;770;775;779;803;818;825;839;845;860;865;888;907;934;952;961;1 010;1 050;1 090;1 130;1 170;1 220;1 250;1 290;1 320;1 360;1 380;1 440;1 460;1 490;1 520;1 540;1 560;1 590;1 590;1 600;1 600;1 620;1 640;1 650;1 640;1 670;1 680;1 690;1 720;1 740;1 760;1 770;1 760;1 810;1 830;1 850;1 870;1 900;1 950;1 940;1 950;1 960;1 980;2 000;2 020;2 040;2 070;2 090;2 120;2 140;2 150;;;;;;
17011;Õrölt kávé 200–250 g, csomag;681;693;714;721;737;723;770;750;757;745;717;735;759;737;713;740;712;735;716;703;695;709;700;693;706;714;692;697;718;685;697;683;698;691;689;682;685;694;701;701;683;682;713;712;708;710;682;699;722;716;738;721;735;724;731;718;715;752;781;746;812;865;911;917;955;980;1 030;1 090;1 130;1 190;1 200;1 190;1 250;1 330;1 360;1 370;1 340;1 340;1 310;1 250;1 240;1 250;1 280;1 320;1 320;1 310;1 330;1 320;1 300;1 350;1 410;1 460;1 470;1 500;1 510;1 510;1 670;1 810;1 860;1 850;1 740;1 760;1 840;1 860;1 810;1 790;1 790;1 680;1 690;1 890;1 780;1 820;1 770;1 730;;;;;;
17101;Eszpresszókávé, vendéglátóhelyen, db;259;260;261;263;263;264;266;268;269;269;270;272;272;275;276;276;276;273;275;275;277;278;279;282;285;287;288;289;293;294;294;294;295;297;297;299;303;307;308;308;307;306;309;311;313;315;316;317;319;319;319;319;323;329;332;332;337;344;348;351;355;358;362;368;378;386;391;401;413;422;430;440;447;455;459;475;483;488;492;496;498;505;509;516;521;522;523;529;532;536;539;541;541;545;550;555;562;571;576;577;584;592;594;595;600;602;604;608;615;616;622;633;634;636;;;;;;
17305;Ásványvíz, 1,5 literes, mûanyag palackban;105;106;104;105;103;102;100;102;102;103;104;103;105;106;106;108;108;107;109;107;106;109;110;108;111;112;112;112;113;112;112;112;114;114;112;112;115;114;112;112;114;110;114;114;114;115;116;115;116;115;114;115;114;112;112;114;114;116;116;116;119;125;124;125;129;135;141;146;146;148;157;155;162;170;179;179;179;178;178;179;188;189;186;185;188;183;179;180;182;180;182;179;182;182;185;183;186;193;194;200;199;196;195;198;197;197;197;205;203;202;194;193;193;193;;;;;;
17308;Ásványvíz, szénsavmentes, 1,5 literes, eldobható mûanyag palackban, palack;104;106;103;104;103;103;100;102;103;102;103;103;106;107;107;107;107;107;109;107;107;109;109;109;111;111;112;111;112;111;112;112;114;113;111;112;114;112;111;114;115;112;115;114;116;116;116;116;118;117;116;117;116;114;113;116;115;117;117;118;121;126;125;127;131;135;143;147;147;150;157;155;162;172;177;183;182;180;180;183;191;194;186;186;..;..;..;..;..;..;..;..;..;..;..;..;..;..;..;..;..;..;..;..;..;..;..;..;..;..;..;..;..;..;;;;;;
17309;Coca Cola vagy Pepsi 1-2,5 l-es palackban, liter;334;345;339;342;339;350;344;344;349;341;351;352;355;351;351;349;353;348;353;355;352;351;365;350;370;382;381;375;378;374;374;367;377;381;379;358;375;378;378;385;386;391;388;384;387;391;392;381;384;390;389;386;385;384;383;380;384;394;386;398;387;393;403;412;411;428;456;478;491;485;516;548;313;324;357;356;359;357;369;360;371;372;377;370;367;381;385;382;377;380;386;373;384;378;400;401;403;409;404;405;409;398;408;409;409;411;415;422;423;427;431;420;429;432;;;;;;
18001;Földrajzi jelzés nélküli (FN) fehér bor, 1-2l, liter;565;565;565;564;566;564;567;565;555;565;566;568;567;572;571;573;579;577;575;575;577;575;577;576;577;574;577;571;574;566;573;570;569;570;567;568;569;572;575;588;569;572;585;591;595;598;606;608;609;610;612;615;613;621;618;616;613;613;622;615;619;622;631;673;680;684;722;724;740;747;759;771;433;446;457;462;469;434;433;431;427;429;431;426;425;457;467;471;473;472;475;477;481;488;493;497;522;561;581;582;586;580;576;579;567;564;571;553;553;575;576;576;599;596;;;;;;
18002;Földrajzi jelzés nélküli (FN) vörös bor, 1-2l, liter;605;608;608;602;605;604;607;604;601;605;606;605;605;607;607;611;621;617;615;615;616;616;617;614;613;614;613;606;605;602;605;605;605;602;599;600;602;603;605;603;606;606;617;622;621;629;636;638;643;643;649;652;662;660;666;657;662;663;663;652;666;694;699;738;744;745;765;783;789;812;816;806;426;419;424;444;446;448;444;448;442;453;456;447;454;467;468;472;473;468;470;471;475;477;481;484;514;545;561;563;569;567;558;558;543;545;552;546;551;548;552;552;611;609;;;;;;
18007;Tankpezsgõ, 0,75 literes, palack;1 000;993;991;968;1 010;985;995;990;981;986;999;958;1 010;1 000;986;1 040;1 050;1 050;1 070;1 060;1 050;1 050;1 050;1 010;1 060;1 040;1 040;1 030;1 060;1 050;1 060;1 040;1 020;1 040;1 050;1 000;1 080;1 070;1 060;1 050;1 020;1 020;1 080;1 080;1 050;1 070;1 100;1 030;1 070;1 070;1 090;1 080;1 100;1 080;1 100;1 110;1 110;1 120;1 120;1 030;1 110;1 150;1 150;1 140;1 210;1 220;1 280;1 280;1 280;1 300;1 340;1 280;1 370;1 340;1 380;1 380;1 460;1 440;1 490;1 520;1 490;1 500;1 510;1 410;1 490;1 500;1 470;1 530;1 560;1 570;1 590;1 590;1 550;1 540;1 550;1 400;1 580;1 590;1 560;1 550;1 610;1 610;1 580;1 640;1 620;1 600;1 610;1 510;1 650;1 670;1 700;1 680;1 880;1 930;;;;;;
18101;Sör, világos, lager típusú, 0,33-0,5 l, liter;190;190;192;193;195;194;193;194;195;196;196;195;199;202;203;203;203;202;203;204;204;204;204;205;210;215;216;214;214;215;213;215;214;213;215;215;220;222;225;221;220;218;222;225;223;222;223;224;226;229;229;229;228;228;225;229;227;231;232;231;237;246;245;250;253;258;269;279;281;292;298;308;663;695;714;729;733;725;725;715;725;709;703;694;726;744;748;744;750;752;745;750;741;750;737;736;724;765;772;774;785;775;770;773;775;776;765;792;804;796;827;808;807;790;;;;;;
18102;Sör, felsõerjesztésû (IPA, APA vagy ale) vagy búza, 0,33-0,5 l, liter;217;215;218;216;220;218;219;219;221;221;221;217;222;225;225;225;227;228;228;229;230;230;228;229;234;236;241;243;244;245;248;245;246;247;245;246;251;252;254;256;250;249;255;259;259;260;259;256;261;265;266;268;267;266;265;267;267;264;266;267;276;282;283;287;289;295;310;318;318;326;338;351;819;844;872;882;876;870;873;856;881;883;884;868;904;908;890;899;898;884;915;899;902;907;908;899;929;945;941;945;956;947;943;944;932;929;939;903;930;937;954;938;932;924;;;;;;
18204;Vodka, szeszes ital, 0,5-1 literes palackban, liter;2 270;2 430;2 510;2 530;2 560;2 580;2 610;2 610;2 620;2 630;2 540;2 560;2 600;2 600;2 590;2 560;2 610;2 620;2 620;2 530;2 620;2 610;2 490;2 560;2 670;2 740;2 750;2 700;2 760;2 790;2 820;2 730;2 750;2 750;2 700;2 710;2 760;2 790;2 780;2 700;2 720;2 730;2 880;2 870;2 810;2 850;2 810;2 770;2 860;2 890;2 830;2 870;2 870;2 890;2 930;2 860;2 920;2 930;2 880;2 880;2 980;3 030;2 950;2 980;3 030;3 070;3 230;3 200;3 350;3 320;3 330;3 200;6 700;6 840;6 840;6 960;7 100;7 070;7 080;6 970;7 080;6 980;6 880;6 700;6 770;6 980;7 000;7 040;7 150;7 190;7 010;7 130;7 250;7 220;7 220;7 170;7 440;7 500;7 480;7 460;7 470;7 350;7 440;7 400;7 370;7 270;7 230;7 040;7 170;7 380;7 250;7 340;7 350;7 170;;;;;;
18205;Unicum, 0,5 literes (ízesített is), nem díszdobozos kivitel, palack;3 140;3 300;3 240;3 100;3 260;3 130;3 230;3 170;3 180;3 170;3 190;3 180;3 220;3 410;3 360;3 390;3 370;3 230;3 390;3 300;3 350;3 260;3 380;3 300;3 620;3 910;3 920;3 870;4 080;4 010;4 020;3 950;4 040;4 020;4 030;3 930;4 180;4 340;4 260;4 590;4 440;4 150;4 270;4 230;4 220;4 160;4 260;4 190;4 390;4 370;4 320;4 290;4 300;4 240;4 300;4 250;4 310;4 260;4 350;4 210;4 380;4 620;4 690;4 510;4 770;4 680;4 910;5 080;5 090;4 990;5 220;4 910;5 340;5 380;5 510;5 470;5 470;5 430;5 590;5 430;5 430;5 510;5 540;5 300;5 540;5 700;5 640;5 630;5 670;5 580;5 620;5 650;5 620;5 530;5 600;5 500;5 790;5 940;5 750;5 840;6 050;6 130;5 920;5 790;5 860;5 750;5 690;5 700;5 900;6 160;5 800;5 800;5 710;5 630;;;;;;
18211;Likõr 0,5-0,7 literes, 20-35% alkoholtartalom;804;806;810;814;828;832;834;836;834;839;833;842;845;847;852;854;857;870;869;871;871;874;880;883;951;933;947;967;971;948;953;956;971;981;985;993;1 000;998;1 010;1 020;1 060;1 050;1 060;1 090;1 070;1 080;1 070;1 070;1 090;1 100;1 110;1 110;1 110;1 110;1 120;1 140;1 140;1 140;1 140;1 130;1 150;1 180;1 180;1 190;1 180;1 190;1 270;1 310;1 300;1 400;1 410;1 410;1 460;1 470;1 490;1 510;1 520;1 550;1 550;1 560;1 570;1 570;1 570;1 580;1 560;1 540;1 530;1 560;1 590;1 600;1 590;1 610;1 630;1 640;1 650;1 670;1 690;1 720;1 730;1 730;1 720;1 730;1 750;1 770;1 760;1 800;1 830;1 830;7 180;8 000;8 210;8 440;8 470;8 480;;;;;;
19002;Cigaretta, Sopianae, multifilteres, rövid, 20 db, csomag;1 020;1 030;1 030;1 060;1 060;1 080;1 090;1 090;1 090;1 110;1 120;1 120;1 120;1 120;1 120;1 120;1 120;1 150;1 150;1 150;1 170;1 180;1 180;1 190;1 210;1 210;1 220;1 240;1 240;1 240;1 270;1 270;1 290;1 300;1 300;1 320;1 330;1 330;1 340;1 360;1 360;1 360;1 380;1 390;1 390;1 420;1 420;1 550;1 550;1 550;1 580;1 650;1 650;1 650;1 650;1 650;1 660;1 680;1 680;1 710;1 710;1 710;1 710;1 710;1 740;1 740;1 740;1 740;1 740;1 740;1 740;1 740;1 740;2 000;2 000;2 050;2 050;2 050;2 100;2 100;2 100;2 100;2 100;2 100;2 150;2 150;2 150;2 170;2 190;2 190;2 190;2 190;2 190;2 190;2 190;2 290;2 290;2 290;2 290;2 390;2 390;2 390;2 400;2 440;2 440;2 440;2 440;2 480;2 490;2 490;2 540;2 540;2 540;2 540;;;;;;
19005;Multifilter cigaretta, 20 db, csomag;1 070;1 070;1 070;1 100;1 100;1 130;1 130;1 130;1 130;1 160;1 160;1 160;1 160;1 160;1 160;1 160;1 160;1 190;1 190;1 190;1 210;1 220;1 220;1 240;1 250;1 250;1 280;1 280;1 280;1 280;1 310;1 310;1 310;1 340;1 340;1 370;1 370;1 370;1 390;1 400;1 400;1 400;1 430;1 430;1 430;1 450;1 460;1 550;1 590;1 590;1 650;1 690;1 690;1 690;1 690;1 690;1 710;1 720;1 720;1 750;1 750;1 750;1 750;1 750;1 780;1 780;1 980;1 980;1 980;1 980;1 980;1 980;2 030;2 040;2 040;2 090;2 090;2 120;2 140;2 140;2 140;2 140;2 140;2 180;2 190;2 190;2 190;2 230;2 230;2 230;2 230;2 230;2 230;2 230;2 230;2 230;2 230;2 230;2 230;2 430;2 430;2 430;2 470;2 480;2 480;2 480;2 510;2 580;2 580;2 580;2 580;2 580;2 580;2 580;;;;;;
19015;Pall Mall cigarettadohány (blue), 50 g, csomag;1 090;1 100;1 110;1 110;1 260;1 290;1 330;1 360;1 370;1 410;1 420;1 420;1 420;1 420;1 420;1 420;1 420;1 490;1 490;1 490;1 520;1 550;1 550;1 570;1 620;1 620;1 640;1 680;1 680;1 680;1 750;1 750;1 790;1 810;1 810;1 850;1 880;1 880;1 910;1 950;1 950;1 950;1 980;2 010;2 010;2 080;2 080;2 180;2 180;2 180;2 210;2 270;2 260;2 260;2 260;2 260;2 270;2 320;2 320;2 390;2 390;2 390;2 390;2 390;2 390;2 490;2 500;2 570;2 660;2 660;2 820;2 820;2 870;2 980;2 980;2 980;2 980;2 980;2 990;3 020;3 020;3 020;3 020;3 020;3 020;3 100;3 100;3 100;3 100;3 100;3 100;3 100;3 100;3 100;3 100;3 100;3 100;3 100;3 100;4 100;4 100;4 160;4 260;4 260;4 260;4 260;4 260;4 260;4 260;4 260;4 260;4 420;4 420;4 460;;;;;;
31071;Férfi átmeneti kabát, mûselyem vagy szintetikus selyem béléssel, 100 cm-es háthossznál hosszabb, db;22 570;22 350;22 770;22 040;22 080;22 040;21 800;21 750;21 610;22 320;23 560;22 320;21 610;21 230;22 500;22 870;22 390;22 870;22 470;22 360;23 170;23 750;24 030;23 750;23 250;22 850;23 680;23 690;23 620;23 690;23 230;22 850;24 170;23 330;23 150;23 330;22 950;22 820;22 950;22 290;21 580;22 290;22 960;22 650;20 400;22 520;22 080;22 520;21 820;21 690;22 790;22 610;22 080;22 610;22 530;22 350;22 110;23 130;23 250;23 130;22 850;22 960;23 560;23 980;23 990;23 980;23 990;24 090;25 410;26 500;26 820;26 650;26 470;26 610;27 140;27 840;27 940;27 840;27 850;27 620;28 880;29 900;29 140;29 250;28 950;28 720;24 030;23 710;23 670;23 710;23 530;23 290;24 460;25 750;25 070;25 080;24 670;24 280;24 900;24 220;23 430;24 220;24 020;23 620;25 840;26 890;27 020;27 120;26 380;25 120;26 570;27 470;27 420;27 470;;;;;;
31085;Férfifarmernadrág, db;9 870;9 870;9 860;9 930;10 000;10 100;9 980;9 960;10 040;10 120;10 180;10 110;10 100;10 010;10 170;10 240;10 240;10 250;10 280;10 250;10 260;10 430;10 510;10 480;10 460;10 200;10 250;10 370;10 570;10 570;10 230;10 250;10 360;10 460;10 510;10 370;10 370;10 310;10 270;10 090;10 100;9 920;10 340;10 390;10 330;10 280;10 250;10 100;9 980;10 030;10 150;10 360;10 310;10 400;10 520;10 540;10 600;10 570;10 670;10 780;10 770;10 880;11 270;11 350;11 390;11 600;11 800;11 950;12 060;12 260;12 460;12 730;12 690;12 700;12 950;13 110;13 150;13 130;13 040;12 830;13 090;13 180;13 290;13 410;13 330;13 430;13 560;13 630;13 600;13 540;13 450;13 560;13 560;13 620;13 680;13 730;13 670;13 720;13 920;14 030;13 960;14 040;13 860;13 780;14 170;14 240;14 340;14 820;14 560;14 230;14 310;14 320;14 440;14 330;;;;;;
31095;Férfiing, hosszú ujjú, minimum 65%-os pamuttartalom;5 890;5 830;5 850;5 910;6 000;5 960;5 890;5 900;6 060;6 200;6 300;6 230;6 080;5 950;6 150;6 110;6 170;6 130;6 080;6 010;6 230;6 260;6 340;6 210;6 010;6 180;6 130;6 060;6 170;6 180;6 060;6 150;6 200;6 250;6 270;6 160;6 090;6 000;6 210;5 980;6 060;5 980;6 300;6 180;6 240;6 370;6 210;6 170;6 110;6 210;6 250;6 320;6 400;6 370;6 330;6 350;6 420;6 680;6 760;6 820;6 730;6 790;6 910;7 030;7 120;7 150;7 390;7 650;7 880;8 040;8 220;8 310;8 370;8 290;8 420;8 590;8 740;8 860;8 920;8 850;9 070;9 260;9 460;9 400;9 160;9 120;9 330;9 610;9 570;9 640;9 530;9 380;9 540;9 790;9 900;9 890;9 820;9 790;9 980;9 970;9 900;9 840;9 810;9 850;10 020;10 090;10 210;10 750;10 620;10 250;10 500;10 530;10 580;10 450;;;;;;
31506;Férfi félcipõ, bõr, ragasztott mûtalp, pár;17 220;17 060;17 410;17 430;17 500;17 620;17 350;17 320;17 630;17 770;18 190;18 190;17 920;17 710;17 920;18 120;18 120;18 310;18 080;17 950;18 270;18 270;18 090;18 070;18 290;18 160;18 520;18 440;18 340;18 350;18 260;18 420;18 410;18 540;18 660;18 540;18 380;18 270;18 460;17 690;17 760;18 270;18 300;18 250;18 360;18 580;18 590;18 410;18 610;18 170;18 340;18 510;18 680;18 960;18 380;18 330;18 560;18 480;19 170;19 270;19 390;19 410;19 400;19 620;19 840;19 740;19 680;20 050;20 340;21 310;21 430;21 860;21 640;22 300;22 740;22 780;22 720;22 820;22 810;22 840;23 330;23 170;23 540;23 150;23 480;23 590;23 950;23 630;23 890;23 770;23 860;23 760;23 890;24 190;24 540;24 450;24 600;24 990;25 220;25 370;25 420;24 970;24 540;24 700;25 020;24 830;24 840;24 930;25 020;25 070;25 160;24 960;25 350;25 100;;;;;;
31508;Férfi-szabadidõcipõ, bõr, mûbõr-, textil kombinációval is, ragasztott mûtalp, pár;12 620;12 590;12 720;12 710;12 990;13 000;12 890;12 910;12 960;12 920;13 230;13 090;13 130;13 070;13 260;13 310;13 220;13 360;13 310;13 350;13 300;13 530;13 620;13 530;13 520;13 560;13 650;13 600;13 790;13 830;13 740;13 600;13 540;13 760;13 850;13 610;13 650;13 750;13 850;13 590;13 260;13 300;13 260;12 900;13 220;13 210;13 230;13 170;13 220;13 200;13 120;13 530;13 560;13 440;13 300;13 170;13 490;13 970;14 250;14 200;14 480;14 600;14 930;15 150;14 990;15 190;15 350;15 430;15 600;15 940;16 140;15 930;16 480;16 760;17 100;17 490;17 330;17 430;17 530;17 590;17 980;18 010;18 060;18 050;17 800;18 010;18 390;18 560;18 090;18 660;18 750;18 880;18 690;18 960;18 930;18 790;18 640;18 410;18 880;18 820;18 860;18 850;18 730;18 870;18 860;19 090;19 350;20 320;20 260;20 910;20 960;20 750;20 460;20 760;;;;;;
32071;Nõi átmeneti kabát, mûselyem vagy szintetikus selyembéléssel, 100–115 cm-es háthosszal, db;17 530;17 280;18 680;18 560;18 110;18 560;17 760;17 300;18 680;18 770;19 120;18 770;17 850;17 330;19 260;18 810;18 400;18 810;17 900;17 130;18 580;19 210;18 950;19 210;18 490;18 010;18 530;18 620;18 670;18 620;17 880;17 240;18 790;18 980;18 980;18 980;18 270;17 990;18 570;18 850;18 780;18 850;18 890;17 950;18 740;19 370;19 220;19 370;18 180;18 300;19 200;19 900;19 500;19 900;19 660;19 330;19 630;19 980;20 320;19 980;19 280;19 390;20 400;20 670;20 760;20 670;20 370;20 030;21 680;21 960;22 960;22 320;21 620;21 690;23 120;23 390;23 170;23 390;22 660;21 940;24 250;25 040;24 480;24 480;23 610;23 400;23 740;23 140;22 530;23 140;22 610;21 860;23 720;23 880;24 230;24 230;23 250;23 180;24 780;23 990;23 410;23 990;23 390;22 530;24 810;25 310;24 890;24 890;23 810;23 190;24 460;24 790;24 330;24 790;;;;;;
32086;Nõi farmernadrág, db;7 980;8 070;8 060;8 030;8 190;8 130;7 960;8 030;8 470;8 670;8 650;8 630;8 390;8 370;8 300;8 590;8 630;8 600;8 440;8 160;8 540;8 550;8 680;8 570;8 620;8 270;8 540;8 600;8 740;8 730;8 370;8 220;8 270;8 280;8 300;8 020;8 010;8 060;8 330;8 210;8 160;8 200;8 240;8 150;8 110;8 420;8 430;8 320;8 190;8 250;8 370;8 550;8 520;8 530;8 450;8 400;8 580;8 700;8 710;8 720;8 680;8 860;9 250;9 230;9 460;9 380;9 300;9 270;9 490;9 770;9 900;9 900;9 940;9 890;10 200;10 230;10 600;10 480;10 340;10 290;10 420;10 650;10 630;10 600;10 360;10 480;10 630;10 840;10 820;10 790;10 610;10 800;10 610;10 960;11 010;11 000;10 810;11 070;11 130;11 290;11 410;11 310;10 840;10 730;11 070;11 120;11 110;10 950;10 670;10 700;10 940;10 920;10 930;10 840;;;;;;
32089;Nõi pulóver, akril, vékony, hosszú ujjú, db;5 320;5 280;5 410;5 380;5 640;5 630;5 380;5 240;5 840;5 960;6 010;5 980;5 600;5 430;5 430;5 510;6 010;5 970;5 680;5 440;5 770;5 900;5 950;5 840;5 560;5 380;5 440;5 550;5 950;5 970;5 740;5 530;5 800;5 930;5 920;5 900;5 630;5 560;5 560;5 300;5 920;5 860;5 870;5 580;5 800;5 970;5 980;5 600;5 420;5 440;5 480;5 450;5 980;6 010;5 930;5 830;5 910;6 040;6 090;6 150;5 860;5 720;5 880;5 880;6 160;6 180;6 090;5 990;6 610;6 870;7 040;7 090;6 840;6 960;7 110;7 080;7 040;6 970;6 750;6 540;7 790;8 220;8 240;8 210;7 830;7 730;7 570;7 570;8 240;8 320;8 130;7 860;7 930;8 060;8 410;8 440;8 140;8 110;8 160;8 070;8 410;8 450;8 240;7 940;8 360;8 690;8 810;8 990;8 340;8 240;8 300;8 440;8 810;8 850;;;;;;
32503;Nõi félcipõ, bõr, ragasztott mûtalp, pár;15 330;15 100;15 400;15 700;15 610;15 730;15 300;15 020;15 450;15 630;16 060;16 010;15 820;15 840;16 070;16 320;16 400;16 290;16 010;15 960;16 220;16 350;16 230;16 100;16 040;15 950;16 240;16 030;15 920;15 910;15 910;15 790;15 950;16 650;16 840;16 930;16 670;16 590;16 830;16 620;16 240;16 730;16 270;16 440;16 880;16 930;16 830;16 480;16 720;16 690;16 930;17 330;17 200;17 200;17 240;17 240;17 580;17 890;17 920;18 260;18 060;18 260;18 220;18 500;18 230;18 140;18 140;18 570;19 080;20 090;20 140;20 490;20 660;20 940;21 540;21 910;22 340;22 290;22 120;21 640;21 830;22 200;22 440;22 010;21 860;22 030;22 740;22 840;22 500;22 540;22 150;22 100;22 400;22 870;23 120;23 610;22 840;22 890;23 010;22 820;23 390;23 320;23 170;23 070;23 100;23 390;23 480;23 910;23 800;24 090;24 550;24 190;24 100;23 570;;;;;;
32507;Nõi szandál, mûbõr, ragasztott mûtalp, pár;7 020;6 820;6 970;7 310;7 310;7 410;6 990;6 500;6 190;7 310;7 510;7 490;7 290;7 230;7 330;7 540;7 710;7 640;7 220;6 850;6 900;7 710;7 690;7 670;7 590;7 550;7 600;7 760;7 900;7 940;7 820;7 310;7 190;7 900;7 960;7 900;7 650;7 610;7 600;7 950;7 350;7 130;7 770;7 490;7 360;7 130;7 210;7 080;6 990;6 920;6 960;7 440;8 320;8 520;8 610;8 160;8 040;8 520;8 690;8 730;8 560;8 620;8 590;9 050;9 790;10 110;9 750;9 480;9 250;10 380;10 460;10 480;10 370;10 390;10 540;11 050;11 190;11 300;10 960;10 630;10 380;11 300;11 430;11 420;11 150;11 050;11 220;11 770;12 590;12 720;12 180;11 610;10 950;12 720;12 780;12 900;12 360;12 340;12 410;13 020;14 160;14 360;13 800;13 250;13 070;14 360;14 590;15 000;14 690;13 750;13 890;12 740;14 140;14 240;;;;;;
33501;Gyerek száras cipõ, bõr, ragasztott mûtalp, 23–26, pár;9 310;9 270;9 460;9 600;9 590;9 520;9 380;9 550;9 890;10 010;10 150;10 140;9 920;9 930;10 140;10 120;10 220;10 260;10 050;9 860;10 130;10 320;10 340;10 520;10 250;10 140;10 380;10 280;10 340;10 420;10 440;10 460;10 410;10 810;10 910;10 920;10 560;10 670;10 760;10 830;10 410;11 030;10 420;10 370;10 610;10 950;11 000;10 790;10 690;10 740;10 750;10 920;11 100;11 140;11 080;11 100;11 210;11 530;11 550;11 440;11 150;11 100;11 050;11 360;11 390;11 550;11 610;11 610;11 920;12 640;12 800;12 910;12 670;12 570;12 580;12 890;12 920;12 900;12 690;12 750;12 970;13 540;13 700;13 530;13 320;13 400;13 090;13 160;13 380;13 420;13 240;13 420;13 390;13 710;13 880;14 820;14 380;14 220;14 220;14 310;14 780;14 830;14 740;14 580;14 830;14 990;14 860;14 330;14 250;13 880;14 490;14 510;14 620;14 780;;;;;;
34208;Gurulós bõrönd, kb. 55x40x20 cm, db;..;..;..;..;..;..;..;..;..;..;..;..;..;..;..;..;..;..;..;..;..;..;..;..;12 650;12 550;12 780;12 870;12 640;12 900;12 710;12 950;13 040;12 810;12 810;12 060;11 840;12 440;12 250;12 360;12 030;11 870;11 700;11 880;11 750;12 220;12 210;11 940;12 030;11 690;11 920;12 520;12 420;12 710;12 030;12 010;12 680;12 950;13 090;12 480;13 530;13 090;13 890;13 960;15 200;15 640;15 940;16 800;17 830;18 130;18 170;18 460;18 920;19 410;19 710;19 880;20 540;20 260;20 630;20 960;20 870;20 810;20 320;20 870;21 030;21 080;21 470;20 570;20 760;21 020;20 810;21 280;21 340;21 160;20 760;20 850;20 940;20 840;21 100;21 360;21 440;21 320;21 030;21 270;21 610;20 720;21 000;21 350;21 290;21 490;21 740;21 840;21 730;21 690;;;;;;
34275;Hátizsák, ûrtartalom kb. 30 l, db;6 880;6 820;6 810;6 820;6 880;6 870;6 940;6 950;7 020;7 060;7 020;7 090;7 140;7 170;7 260;7 270;7 330;7 310;7 290;7 220;7 090;7 020;7 120;7 120;7 160;7 120;7 170;7 200;7 150;7 200;7 260;6 980;7 210;7 330;7 350;7 330;7 340;7 280;7 370;7 500;7 490;7 450;7 470;7 630;7 700;7 750;7 840;8 000;7 940;7 770;7 870;7 790;7 930;7 830;7 840;8 000;7 990;8 020;7 990;8 130;8 070;8 210;8 250;8 490;8 630;9 030;9 160;9 280;9 680;10 180;10 210;10 260;10 510;10 820;10 710;10 940;11 190;11 380;11 380;11 370;11 440;11 410;11 390;11 480;11 560;11 680;11 640;11 820;11 890;12 000;11 910;12 340;12 260;12 510;12 420;12 580;12 570;12 480;12 390;12 270;12 480;12 620;12 750;12 750;12 910;12 920;13 010;13 420;13 220;12 560;12 770;12 790;12 960;12 990;;;;;;
40049;Telekárpitozott sarok ülõgarnitúra, nyitható ágyszerkezettel, 260–300 cm x 140–180 cm, garnitúra;..;..;..;..;..;..;..;..;..;..;..;..;..;..;..;..;..;..;..;..;..;..;..;..;..;..;..;..;..;..;..;..;..;..;..;..;213 400;215 290;214 130;214 180;213 010;214 010;212 150;217 010;221 460;221 900;221 620;219 490;225 670;224 840;232 460;230 540;234 480;239 590;249 350;245 590;250 980;253 590;249 410;253 330;252 940;259 950;265 190;269 010;279 730;285 400;290 360;289 110;296 640;296 000;306 430;306 600;316 730;317 720;320 990;320 940;316 110;314 170;312 230;311 990;315 300;314 480;317 260;315 100;319 070;320 630;324 140;320 360;320 800;325 540;322 810;326 810;328 110;327 880;332 080;310 850;314 920;320 870;321 380;323 610;320 880;322 790;316 020;328 720;330 840;326 570;331 970;329 250;334 300;326 590;326 860;328 310;331 680;329 870;;;;;;
40101;Konyhaszekrény alsórész elem, 80–90 cm, 2 részes rozsdamentes mosogatóval szerelt,db;36 550;36 680;36 890;37 210;37 460;37 550;37 130;37 130;37 190;37 340;37 650;37 580;37 740;38 120;38 610;37 940;37 910;38 100;38 200;38 550;38 790;39 010;39 140;39 100;39 280;40 050;40 590;40 810;41 330;40 990;41 080;41 340;41 340;41 110;41 850;41 860;41 980;42 470;42 630;42 080;41 790;42 740;43 710;43 590;43 820;43 380;43 640;43 160;43 690;44 470;45 580;45 570;46 170;46 160;46 980;47 350;48 270;48 720;49 910;51 200;51 990;52 850;53 830;55 530;56 320;58 200;59 360;60 320;61 280;61 230;63 080;63 270;64 590;64 750;66 170;65 750;66 930;67 140;67 370;65 750;66 190;65 940;66 870;65 840;67 140;66 690;67 620;66 320;66 540;66 220;66 420;66 660;66 910;67 430;68 050;69 440;68 760;69 410;68 930;70 770;71 010;70 800;71 330;71 120;71 550;72 020;72 150;71 960;72 460;72 780;72 450;73 240;72 100;71 480;;;;;;
40103;Étkezõasztal 70–90x110–140 cm, db;28 480;28 620;28 900;29 060;29 110;29 000;29 120;29 440;29 390;29 090;29 520;29 300;29 620;29 970;29 920;30 080;29 980;30 050;30 000;30 300;30 250;30 440;30 490;30 570;30 750;31 210;31 590;32 090;32 690;32 780;33 020;32 910;33 120;33 300;34 120;33 910;33 760;34 210;34 750;35 210;36 920;36 040;35 230;36 320;36 670;36 390;36 470;36 830;37 790;38 690;39 520;40 380;40 400;42 180;42 250;43 780;45 140;45 460;46 800;47 020;46 870;48 170;48 800;50 450;52 190;54 010;55 000;57 140;58 330;57 370;60 270;62 550;63 250;63 520;64 380;66 420;65 660;68 910;68 560;68 070;66 020;66 520;68 120;66 180;69 100;68 850;69 620;67 480;67 040;67 550;66 760;67 070;67 740;68 370;67 440;68 500;69 930;69 990;71 700;71 920;71 970;72 690;68 770;71 820;71 650;70 900;73 990;71 540;72 680;70 580;72 210;71 950;72 410;72 970;;;;;;
40142;Gyermekkocsi, mély-vagy variálható (ikerkocsi kivételével),db;49 880;49 440;49 410;49 360;49 760;49 730;50 340;49 750;50 150;50 270;50 210;50 420;50 770;52 110;52 390;52 610;52 420;52 770;54 030;53 290;53 040;53 190;53 810;54 530;54 810;55 200;53 770;56 670;57 340;58 070;58 940;59 490;59 240;58 800;59 140;59 890;61 160;60 770;63 070;64 900;64 510;63 910;69 390;69 250;69 620;70 680;71 200;70 990;71 040;72 240;72 140;72 890;72 160;72 970;74 880;77 050;81 060;82 860;84 930;85 300;86 550;87 510;88 280;90 080;92 950;94 170;96 290;99 010;102 300;104 140;106 140;108 920;108 630;109 720;114 290;115 170;120 320;123 590;124 960;125 580;125 920;130 980;130 110;127 550;127 900;129 890;129 030;128 330;130 250;131 350;131 990;130 990;130 110;134 270;134 450;134 250;135 640;136 550;136 520;137 290;137 550;137 760;137 500;139 910;138 560;137 710;138 050;138 550;138 060;140 200;140 010;139 550;140 710;141 740;;;;;;
40207;Hûtõszekrény, egyajtós, kb. 75–150 l, db;60 400;60 410;60 240;59 850;59 270;59 430;59 300;59 490;59 820;59 350;59 190;58 940;59 060;59 020;59 070;59 190;59 630;59 740;59 430;59 860;60 290;60 120;60 090;60 120;61 050;61 080;62 020;61 800;61 800;61 070;61 580;61 200;61 330;61 980;61 620;62 120;61 950;62 200;62 120;61 910;61 280;60 780;62 310;63 670;62 700;63 100;63 630;64 090;65 090;65 850;65 840;65 340;66 850;69 350;70 690;70 650;69 700;71 610;71 180;71 560;73 280;75 440;76 530;79 500;80 880;81 310;84 090;85 130;86 330;86 600;90 510;92 940;93 860;94 070;93 710;93 410;93 940;94 780;92 660;92 070;91 530;89 670;88 430;87 230;89 390;89 000;92 040;90 770;89 560;90 010;91 400;89 540;91 830;92 710;92 710;91 760;92 290;92 550;93 470;92 770;93 500;93 110;93 620;93 050;92 550;92 910;93 130;91 930;92 670;92 160;90 990;89 870;91 990;92 230;;;;;;
40302;Automata mosógép 6–8 kg, db;95 920;96 000;96 220;95 520;95 350;95 340;94 900;94 870;94 800;94 650;94 770;95 230;96 650;96 850;97 420;96 670;97 640;97 270;95 720;96 390;96 890;96 390;97 160;97 070;97 030;97 370;98 830;98 880;99 630;100 430;100 050;100 070;101 060;100 740;101 070;100 940;104 960;105 860;104 330;104 970;103 030;103 910;106 750;106 770;107 030;108 140;107 360;108 920;110 690;112 330;113 340;114 450;113 100;114 420;113 640;115 180;117 790;117 580;119 240;119 500;120 710;120 640;120 390;127 230;131 780;134 330;137 340;140 100;144 540;148 020;150 140;151 800;154 210;155 430;156 770;155 860;156 720;154 930;154 630;155 570;155 800;155 820;157 650;156 860;157 540;157 640;156 200;157 920;159 790;160 510;161 430;164 030;162 590;162 730;160 200;162 510;161 170;159 990;160 450;161 160;160 000;159 960;158 030;158 440;158 350;158 850;157 470;153 460;153 950;154 540;154 330;151 500;151 460;152 110;;;;;;
40402;Olajtöltésû villamos radiátor, 2000–2600 W teljesítmény;15 410;15 440;15 440;15 420;15 380;15 380;15 460;15 420;15 480;16 020;16 000;15 610;15 730;15 510;15 730;15 790;15 800;15 880;15 960;15 960;15 990;15 940;16 090;15 950;15 990;16 120;16 290;16 310;16 480;16 510;16 570;16 610;16 670;16 930;17 140;16 990;17 960;17 520;17 710;17 900;17 940;18 070;18 150;18 180;18 170;18 620;18 370;18 140;18 280;18 200;18 550;18 570;18 630;18 750;18 990;19 250;19 370;21 170;21 530;22 060;22 650;22 380;22 500;23 030;23 580;24 060;24 640;25 150;25 660;29 970;30 810;31 110;31 040;30 670;30 160;30 320;30 720;31 150;30 970;31 190;31 230;30 870;30 030;28 980;29 400;28 200;27 370;27 400;27 330;27 330;27 280;27 240;27 530;29 180;29 500;29 410;28 020;28 090;26 960;27 010;26 960;27 010;26 890;27 020;27 180;28 880;28 120;28 460;27 940;27 820;28 350;28 540;28 560;28 660;;;;;;
40442;Gáztûzhely 3–4 fõzõhelyes,  db;68 140;68 580;68 610;68 190;68 200;68 290;68 840;68 590;68 550;67 990;68 260;68 130;68 970;68 410;67 780;68 000;68 110;68 110;68 390;67 560;67 610;67 670;68 220;68 000;69 230;68 410;69 480;68 990;70 940;70 760;71 150;70 850;71 360;72 190;72 190;70 830;71 220;70 100;69 910;71 200;70 780;71 600;72 450;74 090;73 610;74 140;74 190;73 630;76 040;77 850;77 360;78 550;77 460;77 500;77 870;78 610;78 950;79 960;79 610;80 000;81 240;81 980;84 310;86 090;88 230;89 790;91 930;93 810;96 710;101 150;104 530;105 910;107 570;108 840;110 850;111 160;115 930;117 460;116 760;118 400;119 390;123 170;123 900;123 680;124 410;123 920;122 630;123 520;122 680;122 240;121 730;121 770;122 480;124 210;117 990;117 940;119 140;119 770;120 360;121 000;121 490;121 110;121 850;122 610;123 470;122 400;122 620;120 500;120 920;120 910;120 670;121 510;122 000;120 180;;;;;;
40502;Porszívó, 650–900 W-os, porzsák nélküli;22 430;22 300;22 420;22 620;22 740;23 190;23 180;23 290;23 290;23 760;23 430;23 430;25 870;25 890;26 090;26 170;26 180;26 310;26 620;26 780;26 840;27 180;27 430;27 160;27 570;27 620;27 730;27 310;27 360;27 630;28 010;27 970;28 170;28 120;28 150;27 490;27 020;27 000;27 610;27 070;27 270;27 320;27 810;28 720;27 970;27 950;26 910;27 090;27 780;28 390;27 740;27 480;27 780;27 550;27 720;28 020;28 170;28 660;28 730;28 920;29 040;28 850;30 100;29 960;30 720;31 200;31 040;31 410;31 550;31 950;32 670;32 610;33 400;33 410;34 040;34 440;34 910;35 530;35 820;35 670;36 470;36 150;35 190;35 280;35 920;35 750;36 210;36 860;36 770;36 660;37 200;37 390;37 160;38 050;38 350;38 110;38 360;37 930;38 670;38 680;38 750;38 600;38 700;38 910;39 070;38 920;37 480;37 160;37 180;37 450;37 930;37 280;37 670;36 970;;;;;;
41303;"Felnõtt kerékpár, 26–28"", 3–24 sebesség";65 350;65 550;66 800;67 170;67 650;67 540;68 170;68 260;68 470;68 410;68 250;69 550;69 290;68 970;69 790;70 260;70 370;71 500;71 680;71 590;71 370;71 640;72 120;72 310;73 450;74 590;75 930;77 080;79 870;81 130;81 310;82 500;82 730;82 730;82 920;82 260;83 340;83 170;84 970;86 200;88 990;88 170;89 480;90 990;91 470;91 390;91 260;91 940;93 010;95 390;97 440;98 950;99 820;101 330;103 430;104 670;104 810;105 510;106 090;107 150;98 940;102 540;104 610;108 810;110 910;112 390;114 380;116 380;119 340;117 620;118 540;118 460;119 710;120 140;121 440;123 110;124800;124 530;124 570;126 790;126 620;126 270;127 110;126 300;129 940;128 520;129 090;130 740;130 660;130 910;131 880;131 390;131 840;133 560;134 300;134 770;135 190;136 770;140 310;139 870;139 230;139 130;138 330;138 630;139 670;140 000;139 570;139 020;138 020;138 450;139 180;140 940;140 980;141 180;;;;;;
42107;LCD-LED televízió (76-82 cm), Full HD, db;79 820;79 470;79 700;78 540;78 360;78 560;78 370;79 480;78 350;77 850;78 100;77 990;76 960;76 800;77 400;77 440;76 660;75 530;76 160;75 700;75 250;75 300;75 330;75 780;74 390;73 790;74 180;73 220;73 290;72 540;72 560;71 400;72 190;72 330;72 270;67 450;70 170;68 890;67 870;68 580;69 560;68 630;69 230;68 580;67 530;67 790;68 130;67 740;68 400;69 180;68 440;70 510;71 220;71 260;71 140;73 720;77 290;76 810;78 690;80 360;82 250;83 100;84 170;84 090;83 700;83 400;84 490;83 180;84 010;82 010;81 200;81 730;80 810;81 040;82 170;81 130;81 660;82 480;82 240;81 760;81 600;81 550;79 370;79 770;81 610;80 610;81 170;81 970;81 590;81 110;82 140;81 790;80 970;80 670;78 010;78 620;79 710;79 710;79 760;79 690;79 660;78 840;77 200;77 100;77 080;76 020;79 830;86 610;87 310;87 210;86 950;85 830;85 130;84 600;;;;;;
42431;Férfi kvarcóra, analóg, márkás, db;25 340;25 610;25 780;25 840;25 710;25 820;25 770;25 520;25 670;25 620;25 740;25 820;25 620;25 550;25 530;25 580;25 560;25 610;25 640;25 510;25 510;25 670;25 600;25 720;25 750;25 970;26 110;26 170;26 310;26 640;26 640;26 990;27 190;27 210;27 250;27 720;27 880;27 960;27 830;28 320;28 880;29 030;28 450;28 550;28 630;28 300;28 550;28 360;28 480;28 140;28 120;28 070;28 120;28 140;28 410;28 250;28 610;28 640;28 790;29 150;29 420;29 770;30 110;30 290;30 450;31 050;31 260;31 760;32 200;32 470;32 860;33 470;34 150;33 670;33 970;34 170;34 000;34 300;34 120;34 570;34 530;35 000;34 840;35 250;35 000;35 130;34 830;34 150;34 270;34 790;34 760;34 780;34 800;34 960;35 360;35 410;35 750;35 970;36 090;36 360;36 570;36 640;36 660;36 430;36 580;36 620;36 740;36 810;37 130;36 670;36 820;37 000;37 180;36 850;;;;;;
42433;Nõi kvarcóra, analóg, márkás, db;21 780;21 750;21 800;21 840;21 710;21 790;21 750;21 640;21 670;21 590;21 640;21 710;21 620;21 600;21 520;21 580;21 570;21 690;21 750;21 660;21 790;21 870;21 830;21 850;21 990;21 890;21 700;21 740;21 930;22 100;22 040;22 200;22 180;22 190;22 360;22 630;22 720;23 040;23 020;23 350;23 250;23 360;23 220;23 330;23 400;22 950;23 360;23 020;23 010;22 990;22 910;22 960;22 970;22 910;23 680;23 500;23 850;23 880;23 840;24 090;23 920;24 140;24 190;24 290;24 630;25 400;25 650;25 940;25 890;25 940;26 360;26 990;27 260;27 460;27 300;27 980;27 790;27 780;27 690;27 920;27 930;27 730;27 620;27 870;27 400;27 240;27 420;26 880;27 110;27 840;28 050;28 120;28 140;28 610;28 690;28 960;29 200;29 240;29 870;30 300;30 420;30 460;30 520;30 410;30 420;30 460;30 380;30 070;30 300;30 020;30 020;30 010;30 140;30 020;;;;;;
42463;Tanuló gitár, akusztikus, mûanyaghúros is, db;21 210;21 340;21 380;21 410;21 380;21 630;21 690;21 720;21 970;22 000;22 060;22 060;22 110;22 410;22 410;22 410;21 940;21 940;21 940;21 950;21 990;21 890;21 890;22 160;22 250;22 370;22 420;22 320;22 350;22 370;22 370;22 370;22 640;22 700;22 700;22 750;23 310;23 450;23 400;23 620;23 710;23 450;24 450;24 680;24 880;25 080;25 170;25 300;25 540;25 620;25 720;25 720;26 100;26 170;26 080;26 190;26 290;26 230;26 370;26 620;27 820;28 350;28 610;29 190;29 450;29 570;30 060;30 310;31 490;31 860;32 010;32 310;33 620;33 720;34 190;34 050;34 300;33 950;33 970;34 080;34 260;34 810;35 040;35 630;35 790;36 070;36 400;36 020;35 740;35 720;35 630;35 510;35 610;35 590;35 720;37 020;37 440;37 650;37 310;37 410;37 390;37 670;37 580;37 960;38 240;38 240;37 940;37 920;37 650;37 620;37 620;37 950;37 930;38 100;;;;;;
43101;Karikagyûrû, 14 karátos aranyból, sima és mintás, g;17 130;17 320;17 340;17 480;17 290;17 350;17 540;17 600;17 750;17 840;17 880;17 890;18 020;18 240;18 320;18 430;18 440;18 360;18 700;18 760;18 820;18 980;19 120;19 090;19 190;18 330;18 420;18 580;18 530;18 530;18 620;18 800;19 870;19 970;19 950;20 600;20 760;21 000;21 550;22 660;23 630;24 350;24 690;24 960;24 950;25 400;25 460;25 680;26 050;26 290;26 350;26 700;26 850;27 230;27 690;28 060;29 190;29 310;29 470;29 620;30 040;30 260;31 750;32 540;32 410;32 970;33 420;34 960;35 440;36 380;36 720;37 450;37 650;38 220;37 870;37 890;37 840;37 950;37 950;39 060;38 310;38 370;39 460;39 500;39 920;39 890;40 100;40 510;40 820;41 160;42 000;42 250;42 950;43 400;43 550;44 700;45 960;46 740;47 740;48 680;49 530;49 530;49 240;49 390;49 710;50 910;52 450;54 440;55 690;58 040;61 340;60 700;61 530;61 570;;;;;;
50102;Szénbrikett, 100 kg;7 570;7 600;7 630;7 630;7 640;7 640;7 630;7 630;7 660;7 800;7 850;7 940;7 950;8 000;8 000;8 000;8 000;8 000;8 010;8 020;8 040;8 120;8 370;8 430;8 430;8 460;8 470;8 470;8 470;8 470;8 470;8 470;8 470;8 560;8 600;8 630;8 640;8 610;8 590;8 590;8 590;8 590;8 580;8 580;8 590;8 860;8 860;8 990;8 940;8 980;8 910;8 910;8 910;8 910;8 910;8 910;8 940;9 180;9 440;9 820;10 110;10 490;10 510;10 530;10 530;10 530;10 530;10 570;10 570;17 320;19 470;20 920;20 920;21 190;19 050;18 840;18 220;17 790;18 020;17 980;17 970;20 380;20 080;19 220;18 940;18 710;18 430;18 010;17 850;17 430;17 280;17 270;17 320;18 400;18 560;18 920;18 700;18 880;18 810;19 520;19 670;19 800;20 030;20 030;19 980;19 450;19 320;20 270;20 240;20 410;20 400;20 210;20 030;20 120;;;;;;
50202;Egységes fûrészelt tûzifa, 100 kg;3 160;3 180;3 220;3 220;3 220;3 220;3 220;3 220;3 350;3 480;3 530;3 580;3 600;3 650;3 650;3 650;3 650;3 650;3 660;3 660;3 760;3 800;3 840;3 890;3 900;3 960;3 960;3 960;3 960;3 960;3 960;3 960;4 000;4 130;4 130;4 130;4 100;4 110;4 100;4 100;4 100;4 090;4 090;4 090;4 130;4 140;4 140;4 140;4 190;4 230;4 230;4 230;4 230;4 230;4 230;4 230;4 370;4 480;4 600;4 860;4 860;4 940;5 000;5 010;5 010;5 010;5 010;5 030;7 160;7 950;8 240;8 630;8 700;8 870;8 770;8 670;8 380;8 190;8 290;8 270;8 340;8 010;7 960;7 990;8 090;8 110;8 150;7 970;7 890;7 710;7 640;7 640;7 840;7 710;7 680;7 610;8 550;7 820;7 800;8 100;8 160;8 210;8 310;8 310;8 040;8 100;7 930;8 330;8 300;8 340;8 190;8 110;8 040;8 080;;;;;;
50501;Villamos energia, általános, 10 kWh;366;366;366;366;366;366;366;366;366;366;366;366;366;366;366;366;366;366;366;366;366;366;366;366;366;366;366;366;366;366;366;366;366;366;366;366;366;366;366;366;366;366;366;366;366;366;366;366;366;366;366;366;366;366;366;366;366;366;366;366;366;366;366;366;366;366;366;366;470;469;468;468;460;460;460;459;459;457;455;452;450;449;447;446;445;446;446;447;446;446;446;445;445;446;446;447;448;449;450;452;450;451;453;454;454;454;455;456;457;458;460;460;461;460;;;;;;
50502;Villamos energia, vezérelt, 10 kWh;233;233;233;233;233;233;233;233;233;233;233;233;233;233;233;233;233;233;233;233;233;233;233;233;233;233;233;233;233;233;233;233;233;233;233;233;233;233;233;233;233;233;233;233;233;233;233;233;233;233;233;233;233;233;233;233;233;233;233;233;233;233;233;233;233;233;233;233;354;354;352;348;346;345;345;345;344;342;339;337;335;333;331;329;329;330;330;330;330;330;330;329;329;329;330;331;333;333;334;336;334;335;338;338;339;339;339;341;341;343;345;346;347;347;;;;;;
50601;Vezetékes gáz, 1 m3;101;101;101;101;101;101;101;101;101;101;101;101;101;101;101;101;101;101;101;101;101;101;101;101;101;101;101;101;101;101;101;101;101;101;101;101;101;101;101;101;101;101;101;101;101;101;101;101;101;101;101;101;101;101;101;101;101;101;101;101;101;101;101;101;101;101;101;101;238;238;242;212;202;191;173;169;158;151;155;155;155;155;151;147;150;152;161;153;150;143;141;141;140;140;142;146;152;152;151;165;168;171;175;175;175;175;175;177;173;170;164;159;156;158;;;;;;
50701;Propán-butángáz 10,9-11,5 kg palack, cseredíj, palack;4 020;4 110;4 180;4 230;4 250;4 250;4 220;4 220;4 240;4 310;4 380;4 400;4 420;4 430;4 400;4 400;4 410;4 440;4 520;4 650;4 720;4 860;4 890;4 930;4 970;4 980;4 990;5 010;5 010;5 030;5 030;5 010;4 990;5 000;5 010;5 020;5 070;5 080;5 080;5 060;5 040;5 010;4 980;4 990;4 990;5 020;5 040;5 070;5 090;5 100;5 110;5 130;5 140;5 140;5 140;5 140;5 150;5 150;5 240;5 350;5 370;5 400;5 450;5 650;5 690;5 700;5 760;6 420;7 210;7 470;7 650;7 700;7 810;7 990;8 030;8 110;8 180;8 040;7 970;7 940;7 930;7 920;7 910;7 850;7 880;7 910;7 910;7 920;7 950;7 980;7 990;8 030;8 120;8 160;8 280;8 460;8 610;8 710;8 720;8 610;8 490;8 450;8 350;8 240;8 160;8 130;8 090;8 080;8 100;8 070;8 110;8 680;8 860;8 870;;;;;;
51016;Csempe, falburkoló, fehér és egyszínû színes, m2;2 340;2 340;2 350;2 360;2 360;2 360;2 390;2 390;2 430;2 440;2 470;2 460;2 450;2 460;2 460;2 470;2 470;2 490;2 470;2 500;2 540;2 540;2 550;2 540;2 550;2 580;2 580;2 600;2 600;2 610;2 630;2 640;2 660;2 670;2 690;2 650;2 680;2 700;2 690;2 760;2 780;2 790;2 780;2 750;2 750;2 740;2 710;2 720;2 720;2 740;2 770;2 810;2 840;2 880;2 940;2 940;2 960;2 950;3 010;3 120;3 360;3 430;3 630;4 170;4 610;4 800;4 950;4 980;5 160;5 270;5 300;5 360;5 550;5 640;5 600;5 540;5 500;5 470;5 470;5 440;5 450;5 350;5 400;5 340;5 360;5 400;5 390;5 360;5 420;5 420;5 410;5 360;5 490;5 560;5 570;5 680;5 710;5 900;5 860;5 850;5 810;5 870;5 790;5 720;5 740;5 780;5 730;5 660;5 670;5 730;5 680;5 670;5 660;5 700;;;;;;
51033;Laminált parketta, 7–9 mm-es (HDF vagy SPAN alapú), m2;2 640;2 650;2 630;2 630;2 640;2 610;2 590;2 600;2 580;2 590;2 620;2 650;2 680;2 680;2 670;2 640;2 660;2 660;2 690;2 710;2 760;2 760;2 790;2 850;2 870;2 880;2 910;2 900;2 900;2 900;2 910;2 950;2 940;2 920;2 940;2 930;2 960;2 970;3 020;3 080;3 060;3 050;3 100;3 130;3 120;3 110;3 140;3 150;3 150;3 170;3 190;3 230;3 290;3 320;3 380;3 400;3 430;3 430;3 450;3 510;3 630;3 690;3 750;3 990;4 320;4 560;4 730;4 880;5 070;5 130;5 300;5 350;5 440;5 440;5 600;5 420;5 350;5 370;5 350;5 390;5 400;5 340;5 320;5 340;5 310;5 360;5 380;5 380;5 370;5 350;5 310;5 330;5 510;5 410;5 260;5 180;5 250;5 190;5 260;5 210;5 230;5 160;5 220;5 190;5 190;5 090;5 320;5 210;5 350;5 380;5 360;5 270;5 320;5 170;;;;;;
51073;Diszperziós falfesték, beltéri használatra, 8-15 l-es kiszerelésben (Diszperzit, Tilatex, Diszkrilát stb.), 10 l;4 960;4 890;4 910;4 970;4 980;4 980;4 990;5 010;5 050;5 050;5 080;5 120;5 160;5 140;5 140;5 150;5 140;5 180;5 220;5 210;5 230;5 220;5 230;5 260;5 310;5 350;5 360;5 380;5 420;5 450;5 480;5 570;5 510;5 530;5 480;5 540;5 550;5 530;5 590;5 720;5 660;5 760;5 900;5 840;5 870;5 920;5 920;5 910;5 940;5 970;6 050;6 060;6 080;6 080;6 190;6 290;6 250;6 350;6 430;6 540;6 620;6 680;6 810;7 050;7 320;7 530;7 680;7 900;8 100;8 420;8 710;8 820;8 820;9 160;9 290;9 180;9 260;9 150;9 250;9 140;9 210;9 210;9 160;9 200;9 220;9 110;9 120;9 140;9 020;9 100;9 120;9 140;9 340;9 440;9 460;9 570;9 230;9 340;9 350;9 370;9 500;9 460;9 520;9 490;9 710;9 710;9 690;9 630;9 680;9 720;9 690;9 780;9 860;9 780;;;;;;
52112;Ágynemû-garnitúra, krepp, (nagypárna, paplan, kispárnahuzattal vagy anélkül), garnitúra;6 570;6 610;6 630;6 590;6 600;6 540;6 480;6 400;6 480;6 530;6 550;6 470;6 490;6 610;6 590;6 490;6 460;6 400;6 440;6 400;6 430;6 500;6 500;6 490;6 630;6 740;6 800;6 750;6 760;6 740;6 740;6 710;6 730;6 780;6 810;6 840;6 830;6 880;6 890;6 850;6 910;6 740;7 030;6 990;7 000;7 160;7 090;7 090;7 040;7 080;7 080;7 060;7 140;7 290;7 340;7 560;7 500;7 550;7 530;7 470;7 600;7 800;7 780;7 950;8 040;8 210;8 430;8 490;8 570;8 860;9 310;9 470;9 670;9 950;10 120;10 160;10 270;10 440;10 370;10 440;10 140;10 120;10 570;10 610;10 550;10 540;10 840;10 630;10 700;10 850;11 000;10 960;11 020;11 030;11 280;10 970;10 830;11 060;11 160;10 910;10 870;10 750;10 780;10 820;10 450;10 480;10 610;10 480;10 310;10 310;10 280;10 190;10 070;10 190;;;;;;
52119;Szintetikus takaró, 130–150x170–220 cm, db;6 540;6 660;6 540;6 560;6 500;6 420;6 460;6 460;6 540;6 600;6 660;6 660;6 520;6 570;6 500;6 470;6 500;6 430;6 460;6 480;6 420;6 560;6 660;6 620;6 630;6 700;6 780;6 750;6 740;6 700;6 810;6 820;6 670;6 770;6 850;6 750;6 620;6 800;6 690;6 470;6 390;6 640;6 890;6 780;6 810;7 080;7 130;7 140;7 060;7 070;7 140;7 170;7 310;7 120;7 160;7 200;7 240;7 300;7 400;7 380;7 240;7 460;7 520;7 560;7 780;7 840;7 980;7 950;8 060;8 360;8 340;8 780;8 900;8 910;8 970;9 140;9 060;9 000;9 050;8 930;8 990;9 170;8 900;9 240;9 050;9 150;8 910;8 810;9 130;8 840;9 000;8 800;8 890;9 110;8 770;8 950;8 730;8 980;8 950;9 010;9 180;8 840;9 190;9 250;9 020;9 350;9 220;9 800;9 200;9 540;9 270;9 150;9 350;9 190;;;;;;
52124;Frottírtörülközõ, 70x140 cm,  db;2 760;2 710;2 750;2 760;2 780;2 700;2 780;2 780;2 790;2 750;2 810;2 760;2 810;2 760;2 830;2 820;2 790;2 810;2 830;2 790;2 870;2 930;2 950;2 910;2 880;2 910;2 890;2 940;2 900;2 990;3 060;3 000;2 970;3 000;3 020;3 090;3 000;3 080;3 040;2 900;3 060;3 120;3 130;3 050;3 100;3 100;3 140;3 120;3 080;3 090;3 160;3 090;3 210;3 230;3 350;3 320;3 240;3 350;3 420;3 440;3 490;3 580;3 730;3 600;3 760;3 870;3 950;3 990;4 060;4 250;4 450;4 360;4 340;4 610;4 480;4 680;4 580;4 720;4 690;4 930;4 740;4 570;4 800;4 780;4 950;4 840;4 720;4 920;4 750;4 910;4 890;5 020;5 030;5 010;4 850;4 880;4 840;5 050;4 910;4 980;5 070;4 990;5 010;4 840;4 680;4 730;4 690;4 610;4 620;4 680;4 540;4 480;4 440;4 450;;;;;;
52544;Ceruzaelem, tartós, LR6-1,5V, 4 darabos csomag;1 020;1 040;1 030;1 030;1 030;1 030;1 030;1 010;1 010;1 000;1 010;1 010;1 000;1 010;1 010;1 010;1 010;1 010;1 000;995;1 010;1 010;1 030;1 030;1 020;1 030;1 040;1 040;1 040;1 040;1 030;1 030;1 040;1 050;1 050;1 020;1 020;1 020;1 020;957;956;939;989;992;998;983;990;994;988;997;999;1 010;1 010;1 020;1 010;1 020;1 030;1 040;1 030;1 040;1 050;1 060;1 070;1 090;1 090;1 090;1 100;1 120;1 140;1 150;1 160;1 180;1 230;1 240;1 240;1 270;1 290;1 290;1 290;1 280;1 280;1 300;1 280;1 270;1 310;1 310;1 310;1 300;1 290;1 310;1 310;1 310;1 320;1 330;1 320;1 310;1 330;1 330;1 340;1 350;1 320;1 370;1 390;1 390;1 380;1 390;1 380;1 380;1 350;1 350;1 350;1 330;1 350;1 340;;;;;;
52602;Mosogatószer, szintetikus folyékony, koncentrátum, liter;368;362;362;363;356;359;359;362;364;361;365;367;357;366;362;367;362;362;352;363;363;368;369;370;363;370;377;374;378;381;383;381;385;384;382;383;381;382;392;396;398;389;402;403;405;417;432;429;428;432;434;438;431;437;432;437;430;442;447;457;458;466;475;484;495;507;525;543;596;625;651;670;1 450;1 480;1 580;1 650;1 670;1 700;1 670;1 720;1 700;1 660;1 650;1 650;1 620;1 650;1 650;1 630;1 630;1 600;1 590;1 580;1 550;1 560;1 550;1 560;1 570;1 580;1 580;1 580;1 600;1 440;1 310;1 290;1 300;1 310;1 320;1 230;1 200;1 240;1 210;1 220;1 210;1 230;;;;;;
52605;Öblítõszer koncentrátum, 1600–2000 ml;633;624;629;624;635;638;629;635;626;629;629;629;623;620;621;627;634;628;625;630;623;629;650;663;664;660;662;667;675;689;677;701;682;697;696;696;1 120;1 100;1 110;1 120;1 100;1 100;1 110;1 120;1 100;1 120;1 140;1 140;1 140;1 170;1 170;1 170;1 160;1 150;1 200;1 180;1 200;1 220;1 200;1 250;1 240;1 250;1 270;1 310;1 330;1 370;1 450;1 500;1 530;1 610;1 650;1 720;1 760;1 750;1 770;1 880;1 910;1 970;1 990;1 970;1 990;1 990;1 960;2 010;2 000;2 000;1 990;2 000;1 990;1 960;1 980;1 970;1 950;1 940;1 960;2 060;2 080;1 990;2 020;2 040;2 010;1 860;1 950;1 770;1 830;1 840;1 830;1 760;1 770;1 780;1 890;1 930;1 830;1 890;;;;;;
52619;Mosópor, 1,35–3,75 kg-os kiszerelésbõl átszámolva, kg;987;950;956;971;950;972;916;941;937;945;944;924;945;937;934;947;946;953;967;965;972;955;975;971;958;948;986;991;1 000;973;983;936;963;999;990;997;937;918;941;931;943;898;994;983;990;980;968;943;943;930;937;972;955;974;973;993;1 010;1 030;1 030;1 050;1 050;1 080;1 080;1 130;1 110;1 190;1 230;1 320;1 400;1 450;1 530;1 590;1 600;1 660;1 670;1 820;2 020;2 230;2 210;2 250;2 150;2 040;2 130;2 070;2 040;2 090;2 040;2 060;2 090;2 060;2 040;1 980;1 950;1 970;1 960;1 960;1 980;1 930;1 970;2 120;2 030;1 900;1 890;1 810;1 830;1 820;1 810;1 820;1 760;1 810;1 760;1 780;1 710;1 670;;;;;;
52621;Általános folyékony tisztítószer, 750–1000 ml;634;642;647;649;653;661;655;671;661;645;645;656;638;647;649;650;651;657;657;666;678;671;674;674;672;678;674;678;674;665;678;677;661;663;689;684;697;694;692;707;698;708;716;710;709;705;706;726;723;710;710;714;727;721;718;733;732;718;730;711;726;725;724;748;790;821;832;852;882;900;949;965;1 010;1 000;1 010;1 040;1 040;1 030;1 090;1 090;1 080;1 080;1 080;1 080;1 060;1 060;1 060;1 090;1 110;1 100;1 110;1 100;1 100;1 080;1 080;1 080;1 060;1 090;1 090;1 090;1 080;1 020;1 000;956;950;932;932;907;911;907;901;926;925;924;;;;;;
53002;Tusfürdõ, 250 ml-es, mûanyag flakonban;573;557;561;562;560;577;566;569;565;565;574;581;576;577;570;576;557;588;570;591;589;604;585;609;605;600;598;624;604;615;606;631;626;637;636;631;632;625;623;634;653;624;632;625;635;639;634;641;634;641;622;657;619;639;650;635;637;661;660;658;658;651;665;709;712;750;765;793;843;844;850;844;852;852;896;922;934;934;975;953;975;973;974;969;952;978;982;966;965;1 000;1 000;967;980;996;1 000;991;997;1 030;1 000;1 040;1 010;927;912;905;877;859;854;837;835;814;830;837;850;856;;;;;;
53005;Fogkrém, 75 ml-es,  db;455;450;446;448;442;443;458;459;466;473;472;490;486;484;471;496;469;474;468;470;474;489;486;487;482;491;489;506;498;495;494;500;490;504;503;495;503;504;510;506;487;501;507;500;493;510;504;518;519;520;516;521;513;518;541;529;529;544;529;539;545;538;553;555;563;614;618;658;670;686;721;716;743;745;751;767;758;791;807;825;829;832;836;832;837;853;867;878;858;877;866;871;854;864;837;886;887;866;886;930;911;824;881;835;829;810;818;860;863;853;856;858;868;857;;;;;;
53007;Sampon, 200–250 g, vagy ml;677;691;683;697;672;693;689;689;685;695;685;686;701;689;706;711;689;706;717;711;695;712;716;711;717;740;740;762;732;754;744;760;772;769;766;770;738;772;753;756;710;728;744;756;761;762;788;776;786;796;790;785;794;779;780;775;779;794;786;805;795;805;821;849;867;879;908;963;969;1 010;1 030;1 060;1 070;1 120;1 120;1 170;1 180;1 200;1 190;1 190;1 180;1 190;1 220;1 210;1 250;1 230;1 260;1 250;1 250;1 230;1 230;1 250;1 220;1 240;1 240;1 250;1 220;1 230;1 270;1 250;1 260;1 130;1 110;1 150;1 140;1 130;1 110;1 080;1 080;1 030;1 050;1 070;1 030;1 010;;;;;;
53020;Folyékony szappan, 250–300 ml, utántöltõ kivételével;571;552;568;557;558;544;564;555;571;548;549;568;546;551;540;534;545;558;541;555;561;569;575;575;560;578;568;573;563;573;560;564;572;584;585;563;572;552;561;580;592;579;585;570;575;595;577;582;562;557;552;581;572;588;575;565;579;614;584;595;584;590;586;635;655;685;699;712;772;809;814;801;824;825;828;863;880;885;880;907;896;911;906;884;875;874;899;893;900;913;899;898;898;916;910;910;915;918;903;926;900;829;804;785;756;744;722;712;698;700;700;687;712;721;;;;;;
53021;Egészségügyi papír, 3 rétegû, 8-16 darabos kiszerelés;801;803;811;811;811;815;812;809;816;818;823;817;817;817;809;834;848;838;847;851;864;861;864;860;864;875;879;875;874;873;873;880;889;895;888;895;888;899;902;861;868;876;897;905;881;893;900;908;905;917;929;930;937;925;938;944;947;950;962;964;1 020;1 050;1 040;1 050;1 140;1 170;1 220;1 270;1 350;1 450;1 510;1 630;1 670;1 680;1 690;1 690;1 670;1 640;1 660;1 650;1 630;1 580;1 570;1 600;1 550;1 510;1 560;1 540;1 540;1 520;1 490;1 510;1 530;1 530;1 540;1 510;1 540;1 550;1 570;1 580;1 570;1 450;1 600;1 530;1 560;1 510;1 510;1 610;1 550;1 640;1 610;1 590;1 580;1 590;;;;;;
53022;Papírzsebkendõ, 90–100 db-os (4 rétegû);208;211;209;213;212;213;212;212;209;212;215;216;216;216;215;220;221;227;224;224;224;228;230;229;228;230;232;232;233;236;235;235;234;233;231;232;230;227;232;228;236;234;235;238;238;238;237;234;233;235;240;241;245;245;248;250;250;247;250;257;271;278;280;290;318;321;332;345;357;385;411;442;449;455;451;454;450;452;454;443;428;426;419;419;412;414;418;406;411;400;398;405;406;400;398;403;386;407;411;404;396;378;369;357;358;361;359;393;415;416;416;422;432;433;;;;;;
53174;Digitális lázmérõ, hónaljban mérõ;1 300;1 310;1 310;1 300;1 310;1 310;1 310;1 290;1 300;1 300;1 300;1 310;1 300;1 300;1 300;1 300;1 300;1 300;1 320;1 320;1 310;1 310;1 320;1 300;1 320;1 330;1 360;1 340;1 350;1 370;1 390;1 390;1 420;1 420;1 430;1 430;1 470;1 390;1 420;1 470;1 470;1 450;1 490;1 490;1 550;1 560;1 570;1 600;1 650;1 670;1 720;1 720;1 710;1 710;1 720;1 730;1 750;1 750;1 750;1 760;1 770;1 790;1 820;1 830;1 840;1 860;1 830;1 840;1 850;1 900;1 890;1 920;1 950;1 970;1 980;1 990;2 020;2 040;2 050;2 060;2 060;2 090;2 110;2 140;2 150;2 180;2 200;2 210;2 170;2 170;2 160;2 150;2 150;2 140;2 170;2 220;2 240;2 230;2 250;2 260;2 270;2 300;2 340;2 340;2 260;2 310;2 290;2 340;2 330;2 330;2 350;2 350;2 320;2 330;;;;;;
53188;Vérnyomásmérõ, digitális, felkaros, elemmel mûködõ, LCD kijelzõ;10 350;10 590;10 550;10 510;10 460;10 400;10 740;11 020;11 020;10 960;10 910;11 070;10 940;10 960;11 050;11 040;11 180;11 330;11 420;11 360;11 420;11 190;10 730;10 760;11 390;11 380;11 480;11 250;11 600;11 590;11 800;11 870;11 790;11 790;11 750;11 750;14 290;14 130;14 230;14 190;14 190;14 170;14 110;13 920;14 470;13 980;14 220;13 960;14 060;14 050;13 940;15 140;16 820;16 920;17 140;17 010;17 040;17 070;16 460;15 910;16 140;15 890;16 710;15 820;16 460;16 410;16 530;16 480;16 620;17 030;17 200;17 680;17 740;16 850;17 300;17 620;18 090;17 820;18 220;18 180;18 180;18 230;18 280;18 500;18 150;18 690;18 590;18 910;18 830;18 710;18 670;18 870;18 870;17 750;17 570;17 430;17 330;17 120;17 110;17 450;18 020;17 880;17 920;18 110;17 630;17 720;17 440;15 860;16 030;16 050;16 320;16 190;16 070;16 080;;;;;;
53192;Szemüvegkeret, fém vagy nikkelezett;13 730;13 620;13 760;13 770;13 790;13 920;13 940;13 850;14 060;14 070;14 120;14 200;14 220;14 310;14 300;14 410;14 340;14 560;14 580;14 590;14 710;14 900;14 990;14 750;15 170;15 380;15 490;15 710;15 730;15 910;15 800;15 650;15 800;16 040;16 030;16 030;16 340;16 410;16 670;16 650;17 240;17 220;17 550;17 690;17 910;18 080;18 190;18 250;18 470;18 670;18 830;18 900;18 950;19 090;19 370;19 020;19 180;19 480;19 830;19 930;20 350;20 490;20 740;20 760;20 890;21 320;21 370;21 340;22 020;22 910;23 090;23 310;23 600;23 760;24 030;24 510;24 790;24 600;24 770;24 720;24 970;25 040;25 020;25 180;25 290;25 490;25 820;25 890;26 060;26 130;26 180;26 030;26 470;26 450;26 770;26 890;27 510;27 950;27 860;27 870;27 900;27 850;28 040;27 840;28 130;28 220;27 880;27 950;28 280;28 390;28 380;28 420;28 200;28 270;;;;;;
53193;Lágy kontaktlencse, + - 6D, szférikus (SPF), 30 napos viseletre;4 440;4 440;4 440;4 440;4 440;4 440;4 480;4 480;4 480;4 500;4 500;4 500;4 500;4 500;4 500;4 460;4 460;4 550;4 640;4 640;4 640;4 590;4 640;4 640;4 660;4 800;4 660;4 660;4 650;4 690;4 690;4 690;4 690;4 690;4 690;4 690;5 660;5 710;5 670;5 580;5 570;5 590;5 910;5 860;5 880;5 590;5 600;5 590;5 610;5 660;5 620;5 700;5 710;5 760;5 820;5 800;5 970;5 910;5 930;5 960;5 990;5 950;6 000;6 080;6 190;6 240;6 340;6 410;6 550;6 640;6 730;6 770;6 780;6 900;6 940;7 010;7 020;7 000;6 820;6 910;6 930;6 880;6 710;6 710;6 800;6 790;6 830;6 840;6 950;7 020;7 030;7 070;7 140;7 150;7 130;7 150;7 200;7 070;7 130;7 180;7 260;7 220;7 350;7 340;7 340;7 370;7 380;7 380;7 400;7 420;7 440;7 490;7 530;7 450;;;;;;
53194;Szemüveglencse, mûanyag, + - 6D, antireflex réteg és felület keményítés nélkül;5 660;5 660;5 690;5 770;5 770;5 870;5 910;5 910;5 910;5 860;5 860;5 860;5 910;5 910;5 940;5 860;5 860;5 860;6 280;6 280;6 230;6 280;6 200;6 200;6 200;6 400;6 400;6 400;6 490;6 490;6 490;6 490;6 490;6 490;6 490;6 490;6 490;6 430;6 700;6 700;7 110;7 110;9 190;9 190;9 200;9 200;9 200;9 200;9 200;9 490;9 580;9 710;9 710;9 780;9 890;9 940;10 030;9 390;9 450;10 310;10 340;10 940;10 980;10 900;10 970;11 220;11 320;11 350;11 620;11 870;12 340;12 340;12 360;12 310;12 320;13 870;13 860;14 550;15 220;15 250;15 250;15 250;15 250;15 710;16 100;16 100;16 090;16 100;16 100;16 100;16 100;16 100;16 260;16 430;16 430;16 430;16 790;16 870;17 040;17 040;17 040;17 040;17 360;17 360;17 360;17 360;17 360;17 360;17 360;17 710;17 710;17 710;17 740;17 740;;;;;;
54042;Akkumulátor személygépkocsihoz, 12 V-os, 54–56 Amperórás (AH);20 750;20 680;20 920;21 030;21 030;21 230;21 310;21 330;21 080;21 270;21 250;21 110;21 200;21 720;21 980;21 820;22 150;22 040;22 210;22 240;22 310;22 500;22 290;22 680;22 490;22 300;22 360;22 530;22 610;22 840;22 850;22 940;22 810;23 170;23 120;22 990;23 110;23 270;23 320;23 090;23 830;24 110;23 590;23 650;23 940;23 910;23 900;24 060;24 150;24 600;24 820;24 890;24 890;25 370;25 510;25 390;25 900;25 910;26 040;26 310;26 380;27 140;27 530;28 170;28 660;29 100;29 420;30 110;30 910;31 120;31 730;32 000;32 150;33 190;33 680;33 610;33 760;33 980;33 780;34 140;34 100;34 440;34 590;34 610;35 520;35 560;35 760;35 630;36 510;36 280;36 480;36 720;36 590;36 570;36 680;36 810;36 680;36 840;36 710;37 240;37 550;38 270;38 230;38 020;38 810;38 820;38 690;38 840;38 640;39 110;39 350;39 370;39 520;39 270;;;;;;
54104;Autóbenzin, ólommentes, 95 oktánszámú, liter;367;369;364;362;351;345;339;343;353;349;362;357;362;362;358;368;383;395;399;400;403;405;380;353;346;348;365;393;406;391;390;388;381;388;386;386;398;383;362;293;311;343;371;369;375;374;358;370;385;401;429;426;434;431;450;455;457;487;498;472;478;480;480;480;480;480;480;481;481;481;481;595;642;622;607;606;565;578;584;631;650;622;601;570;567;604;619;642;616;593;616;611;588;593;606;619;636;631;604;596;586;589;589;584;587;580;575;566;557;560;585;595;595;595;;;;;;
54131;Gázolaj, liter;378;376;374;360;350;342;339;344;349;360;370;368;373;366;363;372;390;404;407;404;414;428;424;394;378;385;393;399;411;395;394;395;403;409;404;407;420;394;372;334;330;354;386;380;370;368;369;387;401;414;437;424;432;434;449;449;453;499;504;474;479;480;480;480;480;480;480;482;482;482;482;640;708;648;619;587;551;556;571;630;664;667;626;596;598;645;644;653;610;602;625;614;594;600;619;631;654;641;620;607;585;586;601;596;590;585;588;577;568;573;611;615;615;615;;;;;;
55004;Nemzeti Sport, 1 db;220;220;220;220;220;220;220;220;220;220;220;220;220;220;220;220;220;220;220;220;220;220;220;220;220;220;220;220;240;220;220;220;220;220;220;220;220;220;250;250;250;250;250;250;250;250;250;250;250;250;250;250;250;250;250;250;250;250;250;250;250;250;250;250;280;285;285;285;285;285;285;285;335;335;335;335;335;335;335;335;335;335;335;335;335;335;335;335;350;350;350;350;350;350;370;350;350;390;390;390;390;390;390;390;390;390;390;390;390;390;390;390;390;390;;;;;;
55045;Magyar Nõk Lapja, 1 db;255;255;255;255;255;255;260;260;260;260;260;260;265;265;265;265;265;265;295;295;295;295;295;295;295;310;310;310;310;310;325;325;325;325;325;325;335;335;335;335;335;335;335;335;335;349;349;349;359;359;359;359;359;359;379;299;379;379;379;379;379;429;429;429;429;429;449;449;449;449;469;469;499;499;499;499;499;539;539;539;539;549;599;549;579;579;579;579;579;579;619;619;619;619;619;619;659;659;659;659;659;699;699;699;699;699;699;699;749;749;749;749;749;799;;;;;;
56104;Macskaeledel, 400–415 g-os konzervdobozban, doboz;323;321;324;326;329;327;324;323;322;320;320;320;317;321;314;312;307;302;304;304;307;311;312;314;311;309;305;304;307;300;302;298;300;301;304;297;298;304;303;306;317;315;318;318;311;312;313;314;319;315;323;317;316;315;316;311;306;320;326;345;353;366;381;398;404;430;454;461;457;451;466;473;489;531;562;578;576;575;574;582;559;593;610;599;599;595;591;581;575;575;565;556;567;531;510;506;513;492;496;480;481;485;498;490;482;485;481;548;525;555;534;519;508;508;;;;;;
56153;Száraz kutyatáp, 2,5–5 kg, kg;1 590;1 590;1 610;1 610;1 600;1 630;1 590;1 600;1 670;1 680;1 690;1 690;1 740;1 720;1 760;1 750;1 740;1 760;1 760;1 760;1 760;1 750;1 790;1 820;1 850;1 880;1 910;1 980;1 990;2 000;2 010;2 010;2 000;2 010;1 980;1 980;2 020;2 030;2 050;2 070;2 010;2 040;2 050;2 040;2 050;2 050;2 090;2 080;2 080;2 100;2 100;2 130;2 150;2 180;2 190;2 210;2 190;2 290;2 340;2 350;2 360;2 420;2 420;2 470;2 530;2 580;2 770;3 080;3 260;3 250;3 390;3 460;1 130;1 270;1 420;1 460;1 430;1 490;1 500;1 600;1 590;1 630;1 620;1 600;1 570;1 580;1 520;1 530;1 560;1 460;1 510;1 480;1 480;1 440;1 440;1 400;1 430;1 430;1 420;1 390;1 400;1 380;1 370;1 350;1 270;1 290;1 310;1 340;1 340;1 370;1 300;1 310;1 360;1 340;;;;;;
61001;Önkormányzati összkomfortos lakás, havi bér, m2;366;367;367;368;370;372;372;372;372;372;372;372;373;373;374;374;374;368;369;369;369;369;369;367;367;367;367;367;370;370;371;371;370;370;370;370;375;375;379;381;383;384;389;390;390;389;391;391;390;390;390;390;391;392;392;392;392;392;393;393;396;396;395;395;395;396;396;401;402;407;407;407;421;422;427;436;438;443;449;449;449;450;450;451;460;466;466;467;468;468;468;469;472;470;470;473;481;489;492;498;501;501;508;509;512;512;512;515;522;534;541;545;542;544;;;;;;
61202;Társasház közös költsége, 50–60 m2;7 700;7 770;7 770;7 770;7 780;7 790;7 770;7 780;7 780;7 800;7 820;7 870;7 900;7 920;7 920;7 920;7 930;7 950;7 990;8 000;8 050;8 050;8 080;8 080;8 100;8 130;8 140;8 180;8 200;8 250;8 270;8 330;8 350;8 480;8 500;8 500;8 650;8 700;8 750;8 810;8 580;8 480;8 490;8 500;8 510;8 650;8 660;8 710;8 750;8 770;8 760;8 720;8 720;8 740;8 750;8 760;8 790;8 850;8 890;8 900;8 920;8 920;8 960;9 070;9 130;9 140;9 260;9 330;9 510;9 500;9 550;9 570;9 750;9 850;9 970;10 070;10 280;10 450;10 510;10 570;10 700;10 780;10 780;10 760;10 830;10 900;11 120;11 180;11 320;11 500;11 610;11 660;11 730;11 800;11 810;11 780;11 830;11 960;12 110;12 200;12 240;12 450;12 440;12 460;12 470;12 510;12 530;12 530;12 540;12 600;12 760;12 970;13 010;13 190;;;;;;
61504;Szemétszállítás (saját kuka, 110-120 literes), 1 ürítés díja;2 050;2 050;2 060;2 060;2 060;2 050;2 050;2 050;2 050;2 050;2 050;2 050;2 050;2 050;2 040;2 040;2 040;2 050;2 050;2 050;2 050;2 050;2 050;2 050;2 060;2 060;2 060;2 060;2 060;2 060;2 060;2 060;2 060;2 060;2 060;2 060;2 070;2 070;2 070;2 070;2 070;2 060;2 060;2 040;2 040;2 040;2 030;2 030;508;508;508;508;508;508;508;508;508;509;509;513;502;502;502;495;495;495;495;495;495;495;495;495;497;497;497;495;495;495;495;494;494;495;495;495;496;495;496;496;496;496;495;498;498;498;498;497;497;497;498;498;498;498;498;498;498;498;498;498;498;498;498;498;498;498;;;;;;
61601;Vízdíj, m3;296;296;296;296;296;296;296;296;296;296;296;296;296;296;296;296;296;297;297;297;297;297;297;297;296;297;297;297;297;297;297;297;297;297;297;297;297;297;297;297;297;298;298;298;298;298;298;298;298;298;298;298;298;298;298;298;298;298;298;298;298;298;298;298;298;298;298;298;298;298;298;298;298;298;298;298;298;298;298;298;298;298;298;298;297;297;297;297;297;297;297;297;297;297;297;297;297;297;297;297;297;297;297;297;297;297;297;297;297;297;297;297;297;297;;;;;;
61701;Csatornadíj, m3;364;364;364;364;364;364;364;364;364;364;364;364;364;364;364;364;364;363;363;363;363;363;363;362;362;363;363;362;364;364;364;364;364;364;364;364;364;364;364;364;365;365;365;365;365;365;365;366;366;366;366;366;366;366;366;366;366;366;366;366;366;366;366;366;366;366;366;366;366;366;366;366;366;366;366;367;366;366;366;366;366;366;363;363;363;362;363;363;363;363;363;363;363;363;363;363;363;363;363;363;363;363;363;363;363;363;363;363;363;363;363;363;363;363;;;;;;
63003;Férfi hajvágás, fõ;1 830;1 840;1 840;1 840;1 840;1 850;1 860;1 850;1 870;1 870;1 870;1 880;1 890;1 910;1 910;1 920;1 920;1 920;1 920;1 940;1 950;1 940;1 940;1 950;2 010;2 030;2 030;2 030;2 040;2 040;2 040;2 070;2 080;2 080;2 090;2 090;2 110;2 130;2 130;2 140;2 150;2 150;2 160;2 160;2 170;2 180;2 170;2 170;2 190;2 210;2 220;2 230;2 240;2 240;2 270;2 290;2 310;2 320;2 320;2 340;2 390;2 420;2 510;2 550;2 560;2 600;2 630;2 690;2 780;2 830;2 870;2 910;2 970;3 030;3 090;3 150;3 160;3 170;3 230;3 240;3 270;3 300;3 320;3 320;3 410;3 440;3 510;3 520;3 580;3 550;3 570;3 580;3 610;3 660;3 660;3 680;3 790;3 840;3 920;4 000;4 030;4 060;4 070;4 070;4 070;4 080;4 090;4 110;4 170;4 240;4 290;4 320;4 360;4 380;;;;;;
63005;Nõi hosszú haj mosása, vágása, szárítása;3 460;3 480;3 480;3 490;3 490;3 500;3 500;3 480;3 500;3 490;3 490;3 550;3 580;3 610;3 630;3 640;3 640;3 650;3 660;3 700;3 710;3 710;3 690;3 730;3 850;3 920;3 900;3 940;3 960;3 970;4 000;4 040;4 070;4 070;4 080;4 080;4 120;4 150;4 170;4 170;4 220;4 260;4 280;4 250;4 260;4 270;4 280;4 280;4 330;4 400;4 420;4 460;4 420;4 430;4 480;4 490;4 550;4 580;4 600;4 620;4 710;4 750;4 800;4 870;4 900;4 970;5 140;5 240;5 390;5 490;5 520;5 550;5 720;5 820;5 950;6 030;6 050;6 050;6 120;6 140;6 250;6 340;6 430;6 450;6 610;6 700;6 760;6 810;6 840;6 890;6 910;6 960;7 010;7 070;7 090;7 130;7 260;7 370;7 500;7 530;7 580;7 660;7 650;7 650;7 710;7 720;7 720;7 790;7 890;8 010;8 070;8 170;8 210;8 250;;;;;;
64211;Parkolás, óra;303;303;305;305;305;305;305;305;306;304;304;305;303;305;307;307;308;308;308;314;314;319;316;318;318;320;322;323;324;327;327;327;327;325;327;327;327;329;329;85;78;78;336;342;351;349;88;88;88;100;100;100;102;359;361;362;362;361;361;362;363;368;369;369;369;374;382;393;406;421;428;428;412;413;419;419;422;425;426;427;431;430;430;430;434;432;430;430;430;432;433;434;434;432;432;437;444;447;449;448;448;450;451;452;454;457;453;453;446;453;453;452;452;454;;;;;;
64304;Vonaljegy, db;306;306;306;306;306;304;305;305;304;304;304;305;305;305;305;305;305;305;305;306;306;308;308;308;308;308;308;308;308;308;308;308;308;308;308;308;308;308;308;308;307;307;307;307;308;308;308;308;308;308;308;308;308;308;308;308;308;307;307;307;305;305;305;306;305;305;305;306;307;308;309;309;313;315;317;318;318;319;321;321;384;385;385;385;390;390;390;390;392;392;392;392;392;392;392;392;395;395;395;395;395;427;428;429;429;431;432;432;432;433;433;433;433;433;;;;;;
64305;Tanuló havibérlet (Budapest nélkül), db;2 870;2 870;2 870;2 870;2 870;2 870;2 870;2 870;2 870;2 870;2 870;2 870;2 880;2 880;2 880;2 880;2 880;2 880;2 880;2 880;2 880;2 900;2 900;2 900;2 900;2 900;2 900;2 900;2 900;2 900;2 900;2 900;2 900;2 900;2 900;2 900;2 900;2 900;2 900;2 900;2 910;2 910;2 910;2 900;2 910;2 910;2 910;2 910;2 910;2 910;2 910;2 910;2 910;2 910;2 910;2 910;2 910;2 900;2 900;2 900;1 820;1 820;1 820;1 820;1 800;1 800;1 800;1 840;1 850;1 860;1 890;1 890;1 950;1 970;1 960;1 960;1 970;1 980;1 980;1 980;1 980;1 980;1 960;1 960;2 040;2 030;1 980;1 950;1 940;1 940;1 940;1 940;1 940;1 920;1 920;1 930;1 910;1 910;1 920;1 920;1 920;1 920;1 920;1 920;1 920;1 940;1 950;1 950;1 960;1 940;1 950;1 950;1 950;1 950;;;;;;
64306;Általános havibérlet (Budapest nélkül), db;7 930;7 930;7 930;7 930;7 930;7 900;7 900;7 900;7 900;7 900;7 900;7 900;7 900;7 900;7 900;7 900;7 900;7 900;7 900;7 900;7 910;7 940;7 940;7 940;7 950;7 950;7 950;7 950;7 950;7 950;7 950;7 950;7 950;7 950;7 950;7 950;7 960;7 950;7 950;7 950;7 930;7 930;7 930;7 930;7 930;7 930;7 930;7 930;7 940;7 940;7 940;7 940;7 940;7 940;7 940;7 940;7 930;7 900;7 900;7 900;4 950;4 950;4 950;4 950;4 940;4 940;4 940;5 010;5 020;5 030;5 100;5 100;5 210;5 270;5 340;5 370;5 390;5 390;5 390;5 410;5 420;5 420;5 450;5 450;5 670;5 680;5 670;5 520;5 530;5 530;5 530;5 530;5 530;5 530;5 530;5 520;5 560;5 560;5 580;5 580;5 580;5 580;5 580;5 590;5 610;5 650;5 680;5 680;5 700;5 650;5 610;5 610;5 610;5 610;;;;;;
64310;Nyugdíjas havibérlet (Budapest nélkül), db;2 890;2 890;2 890;2 890;2 890;2 880;2 880;2 880;2 880;2 880;2 880;2 880;2 890;2 890;2 890;2 890;2 890;2 890;2 890;2 890;2 890;2 910;2 910;2 910;2 910;2 910;2 910;2 910;2 910;2 910;2 910;2 910;2 910;2 910;2 910;2 910;2 920;2 880;2 880;2 880;2 880;2 880;2 880;2 880;2 880;2 880;2 880;2 880;2 890;2 880;2 880;2 880;2 880;2 880;2 880;2 880;2 880;2 870;2 870;2 870;1 980;1 980;1 980;1 980;1 960;1 960;1 960;2 000;2 020;2 020;2 050;2 050;2 120;2 130;2 170;2 170;2 180;2 190;2 190;2 190;2 190;2 190;2 200;2 200;2 300;2 290;2 290;2 090;2 130;2 130;2 130;2 130;2 130;2 130;2 130;2 140;2 130;2 170;2 180;2 180;2 180;2 180;2 180;2 180;2 190;2 210;2 230;2 230;2 230;2 220;2 230;2 230;2 230;2 230;;;;;;
64402;Taxi (km-díj), km;271;271;271;271;271;272;272;273;273;274;274;274;276;277;278;278;279;279;290;292;292;293;293;294;295;296;297;297;297;298;297;297;298;298;298;298;300;302;302;303;304;304;305;305;305;305;306;307;307;310;310;311;311;314;318;321;322;323;324;325;330;330;341;344;382;394;400;403;408;409;412;420;428;425;443;447;449;450;451;453;454;458;457;458;462;464;463;465;465;466;465;465;465;465;465;467;472;476;476;476;476;477;479;480;480;480;481;481;485;487;485;487;489;489;;;;;;
64632;Teljesárú menetjegy, busz, db;370;370;370;370;370;370;370;370;370;370;370;370;370;370;370;370;370;370;370;370;370;370;370;370;370;370;370;370;370;370;370;370;370;370;370;370;370;370;370;370;370;370;370;370;370;370;370;370;370;370;370;370;370;370;370;370;370;370;370;370;370;370;370;370;370;370;370;370;370;370;370;370;370;370;370;370;370;370;500;500;500;500;500;500;500;500;500;500;500;500;500;500;500;500;500;500;500;500;500;500;500;500;500;500;500;500;500;500;500;500;500;500;500;500;;;;;;
64633;Teljesárú menetjegy gyorsvonat, db;3 410;3 410;3 410;3 410;3 410;3 410;3 410;3 410;3 410;3 410;3 410;3 410;3 410;3 410;3 410;3 410;3 410;3 410;3 410;3 410;3 410;3 410;3 410;3 410;3 410;3 410;3 410;3 410;3 410;3 410;3 410;3 410;3 410;3 410;3 410;3 410;3 410;3 410;3 410;3 410;3 410;3 410;3 410;3 410;3 410;3 410;3 410;3 410;3 410;3 410;3 410;3 410;3 410;3 410;3 410;3 410;3 410;3 410;3 410;3 410;3 410;3 410;3 410;3 410;3 410;3 410;3 410;3 410;3 410;3 410;3 410;3 410;3 410;3 410;3 410;3 410;3 410;3 410;3 410;3 410;3 410;3 410;3 410;3 410;3 410;3 410;3 410;3 410;3 410;3 410;3 410;3 410;3 410;3 410;3 410;3 410;3 410;3 410;3 410;3 410;3 410;3 410;3 410;3 410;3 410;3 410;3 410;3 410;3 410;3 410;3 410;3 410;3 410;3 410;;;;;;
65101;Szabványméretû levél belföldre, db;120;120;120;120;120;120;120;120;120;120;120;120;120;120;120;120;120;120;120;120;120;120;120;120;120;120;120;120;120;120;120;120;120;120;120;120;135;135;135;135;135;135;135;135;135;135;135;135;145;145;145;145;145;145;145;145;145;145;145;145;145;145;145;145;145;145;160;160;160;160;160;160;..;..;..;..;..;..;..;..;..;..;..;..;..;..;..;..;..;..;..;..;..;..;..;..;..;..;..;..;..;..;..;..;..;..;..;..;..;..;..;..;..;..;;;;;;
66105;Személygépjármû vezetõ tanfolyam, tanfolyam;155 720;157 190;159 700;162 640;163 490;164 630;165 250;166 200;166 190;166 800;167 600;167 520;169 640;171 270;172 030;173 140;174 930;175 660;175 760;177 440;178 840;179 950;180 750;181 470;184 170;186 810;188 790;190 450;190 700;192 690;192 570;193 340;194 440;195 510;196 680;197 690;201 620;205 760;207 520;208 660;211 150;211 560;212 420;212 500;213 710;214 250;215 280;216 300;220 410;222 770;226 390;227 330;229 690;233 170;233 860;235 050;237 590;241 640;244 620;247 360;257 750;261 960;264 910;266 640;270 040;275 390;279 520;284 630;292 290;298 250;302 320;304 510;322 110;327 880;331 290;334 200;334 820;336 470;337 250;337 060;338 510;341 590;342 780;343 140;345 800;347 610;348 030;349 120;350 270;351 840;352 600;353 220;353 910;353 990;354 440;357 340;360 500;364 730;367 160;369 000;369 070;369 640;370 600;371 610;371 730;375 180;375 870;375 260;377 580;379 750;381 540;383 590;384 750;385 260;;;;;;
66303;Multiplex mozi, szombat este, db;1 500;1 520;1 520;1 530;1 510;1 520;1 520;1 520;1 520;1 520;1 530;1 530;1 560;1 580;1 580;1 580;1 580;1 560;1 550;1 550;1 550;1 560;1 560;1 560;1 600;1 630;1 630;1 630;1 630;1 630;1 630;1 630;1 630;1 630;1 630;1 630;1 700;1 710;1 710;1 710;1 710;1 710;1 710;1 710;1 710;1 710;1 710;1 710;1 710;1 710;1 710;1 710;1 720;1 720;1 720;1 720;1 730;1 730;1 730;1 850;1 870;1 870;1 870;1 870;1 870;1 880;1 900;1 900;1 900;1 990;2 100;2 150;2 160;2 180;2 210;2 220;2 250;2 250;2 250;2 250;2 250;2 260;2 270;2 530;2 540;2 560;2 590;2 620;2 620;2 640;2 650;2 670;2 670;2 670;2 880;2 880;2 880;2 880;2 870;2 870;2 870;2 870;2 870;2 870;2 880;2 880;2 860;2 960;2 990;3 010;3 020;3 020;3 030;3 040;;;;;;
66501;Múzeumba belépõjegy, db;916;913;908;882;898;896;896;904;909;905;905;902;924;935;940;949;961;961;961;974;969;976;969;989;995;994;977;1 000;998;1 030;1 040;1 050;1 050;1 050;1 050;1 050;1 050;1 080;1 080;1 080;1 080;1 080;1 080;1 090;1 100;1 120;1 120;1 120;1 120;1 120;1 120;1 120;1 120;1 130;1 140;1 140;1 160;1 170;1 180;1 170;1 180;1 190;1 220;1 230;1 250;1 270;1 310;1 320;1 350;1 370;1 380;1 390;1 400;1 420;1 460;1 520;1 540;1 570;1 580;1 590;1 600;1 630;1 640;1 640;1 710;1 690;1 700;1 690;1 710;1 730;1 780;1 790;1 790;1 800;1 820;1 840;1 880;1 910;1 920;1 940;1 960;1 980;2 050;2 060;2 060;2 060;2 050;2 050;2 080;2 100;2 100;2 130;2 140;2 210;;;;;;
66502;Állatkertbe belépõjegy, 1 gyermek részére, vasárnap,db;1 290;1 290;1 330;1 380;1 390;1 410;1 410;1 410;1 410;1 410;1 410;1 420;1 420;1 420;1 460;1 520;1 540;1 550;1 550;1 550;1 550;1 550;1 580;1 580;1 600;1 600;1 630;1 680;1 690;1 690;1 710;1 710;1 710;1 710;1 730;1 730;1 730;1 730;1 750;1 750;1 800;1 800;1 850;1 850;1 850;1 850;1 850;1 850;1 850;1 850;1 850;1 850;1 850;1 850;1 850;1 850;1 850;1 850;1 850;1 850;1 850;1 850;1 850;1 850;1 850;1 790;2 350;2 390;2 410;2 410;2 410;2 410;2 450;2 480;2 590;2 680;2 780;2 840;2 840;2 880;2 880;2 880;2 880;2 880;2 810;2 960;3 050;3 100;3 100;3 100;3 200;3 200;3 230;3 230;3 230;3 230;3 270;3 310;3 370;3 430;3 430;3 460;3 460;3 470;3 470;3 470;3 470;3 470;3 520;3 520;3 590;3 610;3 620;3 770;;;;;;
68122;Apartman, 30–40 m2 körüli, 2 fõre, 1 éjszaka, hétvége, önellátás, IFA nélkül,szoba;..;..;..;..;..;..;..;..;..;..;..;..;..;..;..;..;..;..;..;..;..;..;..;..;..;..;..;..;..;..;..;..;..;..;..;..;15 530;15 540;15 690;16 250;16 400;16 740;17 600;18 210;16 730;16 090;16 070;16 680;16 600;16 540;16 530;16 670;16 500;17 380;18 140;18 390;17 960;17 140;17 390;17 250;17 620;17 580;18 330;18 620;18 980;20 000;21 330;21 860;20 000;20 120;20 680;21 260;21 880;22 200;22 750;23 960;23 910;24 560;25 430;27 150;25 230;24 620;24 150;24 170;24 130;24 140;24 390;25 300;26 230;26 950;29 180;29 850;27 340;27 270;27 270;28 340;27 690;27 250;27 910;28 620;29 760;32 000;33 150;32 920;31 130;29 610;29 820;30 430;29 040;28 980;28 870;29 460;30 150;30 910;;;;;;
68191;Szálloda 3 csillagos, 2 ágyas szoba, reggelivel, 2 fõre, hétvégén, 1 éj,  idegenforgalmi adó nélkül,szoba;16 530;16 250;16 250;17 390;17 850;18 220;18 630;18 870;18 000;18 450;17 270;16 960;16 730;16 680;17 150;18 660;19 700;19 690;20 300;20 670;20 650;19 940;19 110;19 070;18 740;18 580;19 000;20 560;21 720;21 000;21 660;21 900;21 210;21 010;20 400;19 400;20 150;20 070;20 350;21 420;21 770;22 610;23 250;23 430;22 130;21 170;20 370;20 070;20 090;20 010;20 490;21 280;22 110;23 200;24 630;25 570;23 570;22 450;21 650;21 580;22 500;22 210;22 800;23 510;24 260;26 040;27 750;29 210;26 930;26 500;26 510;27 480;27 470;27 380;28 690;30 360;31 240;32 740;34 510;35 690;32 900;31 200;30 220;31 100;30 590;31 010;31 600;32 450;33 370;35 530;37 480;37 940;35 390;33 630;32 410;32 440;32 840;32 880;32 470;35 310;36 820;39 510;41 760;42 460;39 160;37 140;35 580;36 880;35 290;35 620;35 350;36 380;37 620;39 240;;;;;;
68192;Szálloda 4 csillagos, 2 ágyas szoba, félpanzióval, 2 fõre, hétköznap, 1 éj,  idegenforgalmi adó nélkül, szoba;24 930;25 340;25 630;27 030;27 730;29 970;31 040;29 170;29 300;30 630;28 150;27 210;26 150;26 920;27 560;28 820;30 500;31 030;31 480;31 210;31 390;30 230;28 780;28 750;28 430;27 840;28 610;30 010;32 500;32 180;32 340;32 680;32 550;32 250;32 080;31 400;29 070;28 920;29 700;30 490;29 900;30 220;32 480;32 820;31 440;30 590;30 340;30 260;29 420;29 470;29 070;29 790;31 210;33 100;35 670;36 890;34 030;32 250;31 250;31 060;30 880;31 220;32 450;32 990;34 030;36 710;40 430;41 560;37 300;36 400;36 180;38 990;39 990;45 290;49 800;53 030;54 680;55 870;60 380;61 790;55 190;53 090;52 120;51 780;51 900;51 760;53 080;54 000;56 030;57 470;61 050;63 420;57 980;56 190;55 670;55 110;56 000;55 700;56 230;58 330;60 930;62 080;72 620;73 170;65 400;62 900;61 460;61 500;60 410;59 230;59 970;60 730;62 730;63 580;;;;;;
68193;Panzió, zuhanyzós/fürdõszobás, 2 ágyas szoba, reggelivel, 2 fõre, hétköznap, idegenforgalmi adó nélkül, szoba;11 730;11 750;11 890;12 010;12 090;12 020;12 210;12 320;12 160;12 100;12 030;11 990;12 090;12 110;12 240;12 350;12 510;12 550;12 830;12 870;12 740;12 830;12 620;12 870;12 870;13 020;13 170;13 360;13 620;13 810;14 020;14 230;14 080;13 980;13 850;13 650;15 410;15 370;15 820;16 280;16 420;17 160;18 210;18 460;17 240;17 000;16 940;16 800;16 950;17 090;17 230;17 560;17 950;18 860;19 520;19 690;18 710;18 250;18 170;18 490;18 810;18 780;19 010;19 450;19 700;20 900;22 130;22 920;22 270;21 970;22 230;22 630;22 780;23 270;24 550;26 170;25 970;26 240;27 670;28 370;26 940;26 090;25 680;26 000;26 200;26 630;27 230;27 330;27 670;28 350;29 680;30 530;28 940;28 960;28 740;28 670;28 960;29 200;29 610;31 290;31 170;32 760;34 170;33 960;32 850;31 590;31 390;31 650;30 740;30 960;31 560;32 230;32 130;32 770;;;;;;
69131;Temetési szolgáltatás, egyedi megrendelésre (alapszolgáltatás: sírásás, ravatalozás, temetés levezetése, gyászkocsi stb.), fõ;206 440;207 330;207 330;207 120;207 360;207 990;209 700;209 700;209 970;210 560;210 560;214 100;214 720;216 160;218 080;218 080;218 680;219 820;220 530;221 280;223 450;223 830;223 900;225 440;229 310;230 670;235 130;235 480;237 410;237 820;238 320;240 870;241 600;242 780;244 090;248 550;252 540;254 120;255 010;257 100;266 860;267 790;266 670;266 550;269 990;270 870;271 550;273 030;274 640;279 530;280 750;282 920;283 680;283 970;289 140;289 910;293 230;295 900;297 910;299 430;302 940;308 510;310 030;315 010;318 260;321 940;326 930;331 990;335 960;341 620;345 270;348 310;363 380;374 540;380 430;385 690;392 900;399 180;403 500;408 280;409 700;409 310;410 310;412 290;422 680;429 490;434 110;438 330;440 320;441 340;442 080;442 910;446 400;448 830;451 680;452 750;469 020;475 890;482 670;486 730;487 500;489 330;494 680;499 650;501 800;504 560;504 260;504 570;514 600;519 930;521 430;522 320;525 030;530 000;;;;;;
69132;Temetési szolgáltatás, hamvasztás (alapszolgáltatás: ravatalozás, áldozati láng, temetés levezetése, gyászkocsi stb.), fõ;149 860;150 380;150 650;149 610;149 700;149 300;150 320;150 320;150 720;150 920;150 920;154 810;156 750;157 930;159 260;159 260;159 870;160 260;161 090;161 770;161 960;162 880;162 880;163 990;166 800;167 410;168 860;170 060;171 100;171 460;172 080;173 980;174 190;176 620;177 550;177 650;180 810;182 430;182 870;184 080;189 540;190 520;188 240;189 890;189 440;190 590;190 890;190 440;192 790;197 490;198 850;201 730;202 480;203 320;208 920;210 010;212 110;212 930;214 760;215 090;217 320;220 730;223 080;224 770;227 360;229 360;232 330;236 420;238 730;242 650;244 470;248 030;257 680;267 460;271 120;275 660;280 840;286 410;288 680;290 920;293 940;293 710;294 450;296 070;304 780;310 250;314 420;315 640;317 110;318 150;318 820;320 200;321 460;323 390;325 180;325 490;334 080;339 960;344 390;345 310;345 900;346 550;351 360;354 200;355 880;357 520;356 520;356 760;365 490;370 100;370 440;370 740;373 160;375 750;;;;;;
